case_id,supplier,fragrance,pdf_url,pdf_sha256,sds_version,input_verified,section_2_2_exact,extracted_h,expected_h,extracted_p,expected_p,extracted_euh208_names,expected_euh208_names,extracted_signal,expected_signal,signal_match,extracted_pictograms,expected_pictograms,pictograms_match,other_label_elements,preview_63x44,warning_63x44,export_block_63x44,preview_76x51,warning_76x51,export_block_76x51,recommended_size_result,exported_formats,export_preview_match,rendered_p_statements,min_print_font_mm,extraction_result,label_result,overall_result,historical_extraction_status,defect_owner,issue_details,evidence_paths
001,Nikura,Amyris Essential Oil,https://nikura.blob.core.windows.net/pdfs/CLP10_Amyris_Essential_Oil_EO-SANI.pdf,3c2299a402e0f88c18f5105cc6d56e98b1c82f593c21e4a623e115714ccfc051,1 (01/11/2021),True,True,,,,,,,,,True,,,True,"EN 15494 candle pictograms, product type, business name/address/phone checked in rendered label",BLOCKED (journey stopped before preview),,,BLOCKED (journey stopped before preview),,,,,n/a,n/a,,REVIEW,BLOCKED,REVIEW,PASS (extraction only),Owner decision (policy/review),"REVIEW: supplier SDS states no classification (Signal word/Hazard statements: None); builder cannot continue past Step 3 (""Please extract hazard data…"") — no label can be produced for an unclassified mixture",qa-artifacts/sds-e2e/001/
002,Nikura,Aniseed Essential Oil,https://nikura.blob.core.windows.net/pdfs/CLP10_Aniseed_Essential_Oil_EO-ANI.pdf,6a5536239fe73644c6b79091013a00821c716e84e17122f910f9b8aef4c7697d,1 (01/11/2021),True,True,H317 EUH208,H317 EUH208,P261 P302+P352 P333+P313 P501,P261 P272 P280 P302+P352 P333+P313 P363 P501,Estragole,Estragole,Warning,Warning,True,exclamation,exclamation,True,"EN 15494 candle pictograms, product type, business name/address/phone checked in rendered label",warning + blocked,Your label needs more space.Choose a larger size to keep all required information clearly readable.Smallest tested size for your current content: 77×54mm (recta,"blocked, no download charged",warning + blocked,Your label needs more space.Choose a larger size to keep all required information clearly readable.Smallest tested size for your current content: 80×54mm (recta,"blocked, no download charged",80x54: fits,80x54: PNG+SVG+PDF,yes,all printed,1.22,REVIEW,PASS,REVIEW,REVIEW,Owner decision (policy/review),"REVIEW: supplier P codes withheld by CLPeasy consumer-label policy: ['P272', 'P280', 'P363']; no notice shown to the customer (the builder has no exclusion-notice element)",qa-artifacts/sds-e2e/002/
003,Nikura,Basil Essential Oil,https://nikura.blob.core.windows.net/pdfs/CLP10_Basil_Essential_Oil_EO-BAS.pdf,d518e1e8dee1e489bf2af3f9dc77e17ef139d14df7f9a5539009cd2497236f57,1 (22/01/2026),True,True,H317 EUH208,H317 EUH208,P261 P302+P352 P333+P313 P501,P261 P272 P280 P302+P352 P333+P313 P363 P501,Eucalyptol | Eugenol | l-.β.-Bisabolene,Eucalyptol | Eugenol | l-.β.-Bisabolene,Warning,Warning,True,exclamation,exclamation,True,"EN 15494 candle pictograms, product type, business name/address/phone checked in rendered label",warning + blocked,Your label needs more space.Choose a larger size to keep all required information clearly readable.Smallest tested size for your current content: 77×54mm (recta,"blocked, no download charged",warning + blocked,Your label needs more space.Choose a larger size to keep all required information clearly readable.Smallest tested size for your current content: 80×54mm (recta,"blocked, no download charged",80x54: fits,80x54: PNG+SVG+PDF,yes,all printed,1.22,REVIEW,PASS,REVIEW,REVIEW,Owner decision (policy/review),"REVIEW: supplier P codes withheld by CLPeasy consumer-label policy: ['P272', 'P280', 'P363']; no notice shown to the customer (the builder has no exclusion-notice element)",qa-artifacts/sds-e2e/003/
004,Nikura,Bay Laurel Essential Oil,https://nikura.blob.core.windows.net/pdfs/CLP10_Bay_Laurel_Essential_Oil_EO-BAY.pdf,18d5cd683af7e223ca8e898db26cd30a455ea1d684b085d0c9da4749db6b6631,1 (01/11/2021),True,True,H317 H341 H351 H412 EUH208,H317 H341 H351 H412 EUH208,P261 P273 P302+P352 P308+P313 P333+P313 P501 P202,P261 P272 P273 P280 P302+P352 P308+P313 P333+P313 P363 P405 P501 P202,1-Octen-3-ol | Linalool | l-Limonene,1-Octen-3-ol | Linalool | l-Limonene,Warning,Warning,True,exclamation health,exclamation health,True,"EN 15494 candle pictograms, product type, business name/address/phone checked in rendered label",BLOCKED (journey stopped before preview),,,BLOCKED (journey stopped before preview),,,,,n/a,n/a,,FAIL,BLOCKED,FAIL,REVIEW,CLPeasy Smart Paste / code library,"FAIL: builder rejects valid CLP P statement(s) ['P308+P313', 'P202'] and blocks the journey (""CLP code not recognised"") || REVIEW: supplier P codes withheld by CLPeasy consumer-label policy: ['P272', 'P280', 'P363', 'P405']; no notice shown to the customer (the builder has no exclusion-notice element)",qa-artifacts/sds-e2e/004/
005,Nikura,Bay Leaf Essential Oil,https://nikura.blob.core.windows.net/pdfs/CLP10_Bay_Leaf_Essential_Oil_EO-BLF.pdf,cb58d795b1cf18f18b7cd213d9a7e01ca341e321dad96aacdd8afb78b63c0dcc,1 (01/11/2021),True,True,H317 H341 H351 EUH208,H317 H341 H351 EUH208,P261 P302+P352 P308+P313 P333+P313 P501 P202,P261 P272 P280 P302+P352 P308+P313 P333+P313 P363 P405 P501 P202,Estragole | Linalool | beta-Caryophyllene,Estragole | Linalool | beta-Caryophyllene,Warning,Warning,True,exclamation health,exclamation health,True,"EN 15494 candle pictograms, product type, business name/address/phone checked in rendered label",BLOCKED (journey stopped before preview),,,BLOCKED (journey stopped before preview),,,,,n/a,n/a,,FAIL,BLOCKED,FAIL,REVIEW,CLPeasy Smart Paste / code library,"FAIL: builder rejects valid CLP P statement(s) ['P308+P313', 'P202'] and blocks the journey (""CLP code not recognised"") || REVIEW: supplier P codes withheld by CLPeasy consumer-label policy: ['P272', 'P280', 'P363', 'P405']; no notice shown to the customer (the builder has no exclusion-notice element)",qa-artifacts/sds-e2e/005/
006,Nikura,Benzoin Essential Oil,https://nikura.blob.core.windows.net/pdfs/CLP10_Benzoin_Essential_Oil_EO-BEN.pdf,60cb5eb81a250fb52d6cdca046d98e6e77ca45857cd081fcb62098793e56677e,1 (27/07/2026),True,True,,,,,,,,,True,,,True,"EN 15494 candle pictograms, product type, business name/address/phone checked in rendered label",BLOCKED (journey stopped before preview),,,BLOCKED (journey stopped before preview),,,,,n/a,n/a,,REVIEW,BLOCKED,REVIEW,PASS (extraction only),Owner decision (policy/review),"REVIEW: supplier SDS states no classification (Signal word/Hazard statements: None); builder cannot continue past Step 3 (""Please extract hazard data…"") — no label can be produced for an unclassified mixture",qa-artifacts/sds-e2e/006/
007,Nikura,Bergamot Essential Oil,https://nikura.blob.core.windows.net/pdfs/CLP10_Bergamot_Essential_Oil_EO-BER.pdf,89d7e981ed09d427d8c8ea3833614cc071d07549ce1a2ddbc2259a7303bd2642,1 (04/06/2025),True,True,H317 H412 EUH208,H317 H412 EUH208,P261 P273 P302+P352 P333+P313 P501,P261 P272 P273 P280 P302+P352 P333+P313 P363 P501,alpha-Pinene | beta-Pinene,alpha-Pinene | beta-Pinene,Warning,Warning,True,exclamation,exclamation,True,"EN 15494 candle pictograms, product type, business name/address/phone checked in rendered label",warning + blocked,Your label needs more space.Choose a larger size to keep all required information clearly readable.Smallest tested size for your current content: 77×54mm (recta,"blocked, no download charged",warning + blocked,Your label needs more space.Choose a larger size to keep all required information clearly readable.Smallest tested size for your current content: 80×54mm (recta,"blocked, no download charged",80x54: fits,80x54: PNG+SVG+PDF,yes,all printed,1.22,REVIEW,PASS,REVIEW,REVIEW,Owner decision (policy/review),"REVIEW: supplier P codes withheld by CLPeasy consumer-label policy: ['P272', 'P280', 'P363']; no notice shown to the customer (the builder has no exclusion-notice element)",qa-artifacts/sds-e2e/007/
008,Nikura,Bergamot FCF Essential Oil,https://nikura.blob.core.windows.net/pdfs/CLP10_Bergamot_FCF_Essential_Oil_EO-BERFCF.pdf,913e9f5ad534d9cd647222fa752719ee55ab998efeaffc9c57eba409012c338d,1 (12/08/2025),True,True,H317 H412 H401 EUH208,H317 H401 H412 EUH208,P261 P273 P302+P352 P333+P313 P501,P261 P272 P273 P280 P302+P352 P333+P313 P363 P501,beta-Pinene,beta-Pinene,Warning,Warning,True,exclamation,exclamation,True,"EN 15494 candle pictograms, product type, business name/address/phone checked in rendered label",BLOCKED (journey stopped before preview),,,BLOCKED (journey stopped before preview),,,,,n/a,n/a,,REVIEW,BLOCKED,SUPPLIER REVIEW,REVIEW,Supplier SDS,"SUPPLIER: supplier Section 2.2 uses GHS-only code(s) not in GB CLP: H401 || SUPPLIER: builder correctly stops the journey on the non-GB code and asks for supplier clarification || REVIEW: supplier P codes withheld by CLPeasy consumer-label policy: ['P272', 'P280', 'P363']; no notice shown to the customer (the builder has no exclusion-notice element)",qa-artifacts/sds-e2e/008/
009,Nikura,Birch Tar Essential Oil,https://nikura.blob.core.windows.net/pdfs/CLP10_Birch_Tar_Essential_Oil_EO-BIT.pdf,130b299ac6f37dfcc79a4f95c5bb4188e470570af006dd9d5181f6fad193bbf9,1 (01/11/2021),True,True,,,,,,,,,True,,,True,"EN 15494 candle pictograms, product type, business name/address/phone checked in rendered label",BLOCKED (journey stopped before preview),,,BLOCKED (journey stopped before preview),,,,,n/a,n/a,,REVIEW,BLOCKED,REVIEW,PASS (extraction only),Owner decision (policy/review),"REVIEW: supplier SDS states no classification (Signal word/Hazard statements: None); builder cannot continue past Step 3 (""Please extract hazard data…"") — no label can be produced for an unclassified mixture",qa-artifacts/sds-e2e/009/
010,Nikura,Black Pepper Essential Oil,https://nikura.blob.core.windows.net/pdfs/CLP10_Black_Pepper_Essential_Oil_EO-BLA.pdf,40c5897e6ebfacbdd1d33ec27d5153ff38b1379261db84ebf43b1ba207ba91cd,1 (06/03/2026),True,True,H317 H412 H401 EUH208,H317 H401 H412 EUH208,P261 P273 P302+P352 P333+P313 P501,P261 P272 P273 P280 P302+P352 P333+P313 P363 P501,a-Pinene | alpha-Bisabolene | beta-Pinene | l-.β.-Bisabolene,a-Pinene | alpha-Bisabolene | beta-Pinene | l-.β.-Bisabolene,Warning,Warning,True,exclamation,exclamation,True,"EN 15494 candle pictograms, product type, business name/address/phone checked in rendered label",BLOCKED (journey stopped before preview),,,BLOCKED (journey stopped before preview),,,,,n/a,n/a,,REVIEW,BLOCKED,SUPPLIER REVIEW,FAIL,Supplier SDS,"SUPPLIER: supplier Section 2.2 uses GHS-only code(s) not in GB CLP: H401 || SUPPLIER: builder correctly stops the journey on the non-GB code and asks for supplier clarification || REVIEW: supplier P codes withheld by CLPeasy consumer-label policy: ['P272', 'P280', 'P363']; no notice shown to the customer (the builder has no exclusion-notice element)",qa-artifacts/sds-e2e/010/
011,Nikura,Black Spruce Essential Oil,https://nikura.blob.core.windows.net/pdfs/CLP10_Black_Spruce_Essential_Oil_EO-BLS.pdf,eea96073142a5892ec15cbb5abffe6ac9e098a61d9ddf90b3a5a51c88bd745e2,1 (18/10/2024),True,True,H317 H411 EUH208,H317 H411 EUH208,P261 P273 P302+P352 P333+P313 P391 P501,P261 P272 P273 P280 P302+P352 P333+P313 P363 P391 P501,"Terpinolene | d-Limonene | dl-Limonene | p-Mentha-1,3-diene","Terpinolene | d-Limonene | dl-Limonene | p-Mentha-1,3-diene",Warning,Warning,True,aquatic exclamation,aquatic exclamation,True,"EN 15494 candle pictograms, product type, business name/address/phone checked in rendered label",warning + blocked,Your label needs more space.Choose a larger size to keep all required information clearly readable.Smallest tested size for your current content: 77×54mm (recta,"blocked, no download charged",warning + blocked,Your label needs more space.Choose a larger size to keep all required information clearly readable.Smallest tested size for your current content: 80×54mm (recta,"blocked, no download charged",80x54: fits,80x54: PNG+SVG+PDF,yes,all printed,1.22,REVIEW,PASS,REVIEW,FAIL,Owner decision (policy/review),"REVIEW: supplier P codes withheld by CLPeasy consumer-label policy: ['P272', 'P280', 'P363']; no notice shown to the customer (the builder has no exclusion-notice element)",qa-artifacts/sds-e2e/011/
012,Nikura,Cade Essential Oil,https://nikura.blob.core.windows.net/pdfs/CLP10_Cade_Essential_Oil_EO-CAD.pdf,edb1712da00371062aac562be4dab9c2407d94c5ef109d76e8bde95f2d56542e,1 (01/11/2021),True,True,,,,,,,,,True,,,True,"EN 15494 candle pictograms, product type, business name/address/phone checked in rendered label",BLOCKED (journey stopped before preview),,,BLOCKED (journey stopped before preview),,,,,n/a,n/a,,REVIEW,BLOCKED,REVIEW,PASS (extraction only),Owner decision (policy/review),"REVIEW: supplier SDS states no classification (Signal word/Hazard statements: None); builder cannot continue past Step 3 (""Please extract hazard data…"") — no label can be produced for an unclassified mixture",qa-artifacts/sds-e2e/012/
013,Nikura,Cajeput Essential Oil,https://nikura.blob.core.windows.net/pdfs/CLP10_Cajeput_Essential_Oil_EO-CAJ.pdf,cc668f35762c70903c9b1f1dacade5275ca7d838eaef5ae7b7450858b5adb8d0,1 (01/11/2021),True,True,H317 H412 EUH208,H317 H412 EUH208,P261 P273 P302+P352 P333+P313 P501,P261 P272 P273 P280 P302+P352 P333+P313 P363 P501,Linalool | Terpinolene | alpha-Pinene | beta-Pinene | l-Limonene,Linalool | Terpinolene | alpha-Pinene | beta-Pinene | l-Limonene,Warning,Warning,True,exclamation,exclamation,True,"EN 15494 candle pictograms, product type, business name/address/phone checked in rendered label",warning + blocked,Your label needs more space.Choose a larger size to keep all required information clearly readable.Smallest tested size for your current content: 77×54mm (recta,"blocked, no download charged",warning + blocked,Your label needs more space.Choose a larger size to keep all required information clearly readable.Smallest tested size for your current content: 80×54mm (recta,"blocked, no download charged",80x54: fits,80x54: PNG+SVG+PDF,yes,all printed,1.22,REVIEW,PASS,REVIEW,FAIL,Owner decision (policy/review),"REVIEW: supplier P codes withheld by CLPeasy consumer-label policy: ['P272', 'P280', 'P363']; no notice shown to the customer (the builder has no exclusion-notice element)",qa-artifacts/sds-e2e/013/
014,Nikura,Camphor Essential Oil,https://nikura.blob.core.windows.net/pdfs/CLP10_Camphor_Essential_Oil_EO-CAM.pdf,143601d7bcac6caeec83e9393f32d373121606d66f283dcd93d9dd004807858d,1 (01/11/2021),True,True,H317 H412 EUH208,H317 H412 EUH208,P261 P273 P302+P352 P333+P313 P501,P261 P272 P273 P280 P302+P352 P333+P313 P363 P501,Terpinolene | alpha-Pinene | delta-3-Carene,Terpinolene | alpha-Pinene | delta-3-Carene,Warning,Warning,True,exclamation,exclamation,True,"EN 15494 candle pictograms, product type, business name/address/phone checked in rendered label",warning + blocked,Your label needs more space.Choose a larger size to keep all required information clearly readable.Smallest tested size for your current content: 77×54mm (recta,"blocked, no download charged",warning + blocked,Your label needs more space.Choose a larger size to keep all required information clearly readable.Smallest tested size for your current content: 80×54mm (recta,"blocked, no download charged",80x54: fits,80x54: PNG+SVG+PDF,yes,all printed,1.22,REVIEW,PASS,REVIEW,FAIL,Owner decision (policy/review),"REVIEW: supplier P codes withheld by CLPeasy consumer-label policy: ['P272', 'P280', 'P363']; no notice shown to the customer (the builder has no exclusion-notice element)",qa-artifacts/sds-e2e/014/
015,Nikura,Carrot Seed Essential Oil,https://nikura.blob.core.windows.net/pdfs/CLP10_Carrot_Seed_Essential_Oil_EO-CAR.pdf,19a86ffdfdc37a0fee5e362215189793a638640c37d7b2699b2a65a80a17d2d1,1 (17/04/2026),True,True,H402 EUH208,H402 EUH208,,,Caryophyllene | Geraniol | a-Pinene | beta-Pinene | d-Limonene | l-.β.-Bisabolene,Caryophyllene | Geraniol | a-Pinene | beta-Pinene | d-Limonene | l-.β.-Bisabolene,,,True,,,True,"EN 15494 candle pictograms, product type, business name/address/phone checked in rendered label",BLOCKED (journey stopped before preview),,,BLOCKED (journey stopped before preview),,,,,n/a,n/a,,REVIEW,BLOCKED,SUPPLIER REVIEW,FAIL,Supplier SDS,SUPPLIER: supplier Section 2.2 uses GHS-only code(s) not in GB CLP: H402 || SUPPLIER: builder correctly stops the journey on the non-GB code and asks for supplier clarification,qa-artifacts/sds-e2e/015/
016,Nikura,Cassia Essential Oil,https://nikura.blob.core.windows.net/pdfs/CLP10_Cassia_Essential_Oil_EO-CAS.pdf,94c7ebe64d006c8e39f04e9d488257cd4020d765e2ed848c2eb6d1a471493ecc,1 (17/04/2026),True,True,H317 H402,H317 H402,P261 P302+P352 P333+P313 P501,P261 P272 P280 P302+P352 P333+P313 P363 P501,,,Warning,Warning,True,exclamation,exclamation,True,"EN 15494 candle pictograms, product type, business name/address/phone checked in rendered label",BLOCKED (journey stopped before preview),,,BLOCKED (journey stopped before preview),,,,,n/a,n/a,,REVIEW,BLOCKED,SUPPLIER REVIEW,REVIEW,Supplier SDS,"SUPPLIER: supplier Section 2.2 uses GHS-only code(s) not in GB CLP: H402 || SUPPLIER: builder correctly stops the journey on the non-GB code and asks for supplier clarification || REVIEW: supplier P codes withheld by CLPeasy consumer-label policy: ['P272', 'P280', 'P363']; no notice shown to the customer (the builder has no exclusion-notice element)",qa-artifacts/sds-e2e/016/
017,Nikura,Cedarwood Atlas Essential Oil,https://nikura.blob.core.windows.net/pdfs/CLP10_Cedarwood_Atlas_Essential_Oil_EO-CEA.pdf,0869fe9d55fbb05955692c3d5cecdd3b8240c3de00504e1e18eb63c75f43b88f,1 (18/10/2024),True,True,H412,H412,P273 P501,P273 P501,,,,,True,,,True,"EN 15494 candle pictograms, product type, business name/address/phone checked in rendered label",warning + blocked,Your label needs more space.Choose a larger size to keep all required information clearly readable.Smallest tested size for your current content: 69×48mm (recta,"blocked, no download charged",fits,none,not blocked,,76x51: PNG+SVG+PDF,yes,all printed,1.32,PASS,PASS,PASS,PASS (extraction only),,,qa-artifacts/sds-e2e/017/
018,Nikura,Cedarwood Virginian Essential Oil,https://nikura.blob.core.windows.net/pdfs/CLP10_Cedarwood_Virginian_Essential_Oil_EO-CEV.pdf,ed632941e128ec9a5472eb593242976bae9a324ba7f462673e3fbf09aaaf43b9,1 (19/03/2025),True,True,H410 EUH208,H410 EUH208,P273 P391 P501,P273 P391 P501,alpha-Pinene | beta-Caryophyllene,alpha-Pinene | beta-Caryophyllene,Warning,Warning,True,aquatic,aquatic,True,"EN 15494 candle pictograms, product type, business name/address/phone checked in rendered label",warning + blocked,Your label needs more space.Choose a larger size to keep all required information clearly readable.Smallest tested size for your current content: 70×49mm (recta,"blocked, no download charged",fits,none,not blocked,,76x51: PNG+SVG+PDF,yes,all printed,1.2,PASS,PASS,PASS,PASS (extraction only),,,qa-artifacts/sds-e2e/018/
019,Nikura,Cedarwood Himalayan Essential Oil,https://nikura.blob.core.windows.net/pdfs/CLP10_Cedarwood_Himalayan_Essential_Oil_EO-CED.pdf,dba58b0cadaf5aae42a472397ff04887f937a5de3f878f38405a542efe0459e4,1 (03/02/2026),True,True,H410 EUH208,H410 EUH208,P273 P391 P501,P273 P391 P501,Caryophyllene | a-Pinene,Caryophyllene | a-Pinene,Warning,Warning,True,aquatic,aquatic,True,"EN 15494 candle pictograms, product type, business name/address/phone checked in rendered label",warning + blocked,Your label needs more space.Choose a larger size to keep all required information clearly readable.Smallest tested size for your current content: 70×49mm (recta,"blocked, no download charged",fits,none,not blocked,,76x51: PNG+SVG+PDF,yes,all printed,1.2,PASS,PASS,PASS,PASS (extraction only),,,qa-artifacts/sds-e2e/019/
020,Nikura,Cinnamon Bark Essential Oil,https://nikura.blob.core.windows.net/pdfs/CLP10_Cinnamon_Bark_Essential_Oil_EO-CIN.pdf,cad4fc33be93d590b4a22f908ddb9ddc87ae99f006ef2308c59786db7640b9a5,1 (10/06/2025),True,True,H317 EUH208,H317 EUH208,P261 P302+P352 P333+P313 P501,P261 P272 P280 P302+P352 P333+P313 P363 P501,Eugenol | d-Limonene,Eugenol | d-Limonene,Warning,Warning,True,exclamation,exclamation,True,"EN 15494 candle pictograms, product type, business name/address/phone checked in rendered label",warning + blocked,Your label needs more space.Choose a larger size to keep all required information clearly readable.Smallest tested size for your current content: 77×54mm (recta,"blocked, no download charged",warning + blocked,Your label needs more space.Choose a larger size to keep all required information clearly readable.Smallest tested size for your current content: 80×54mm (recta,"blocked, no download charged",80x54: fits,80x54: PNG+SVG+PDF,yes,all printed,1.22,REVIEW,PASS,REVIEW,REVIEW,Owner decision (policy/review),"REVIEW: supplier P codes withheld by CLPeasy consumer-label policy: ['P272', 'P280', 'P363']; no notice shown to the customer (the builder has no exclusion-notice element)",qa-artifacts/sds-e2e/020/
021,Nikura,Citronella Essential Oil,https://nikura.blob.core.windows.net/pdfs/CLP10_Citronella_Essential_Oil_EO-CIT.pdf,b455cd75b2b421be2fa6d93d9f1bb5be63dcbc039e0941d3bd56096cb2556a66,1 (17/04/2026),True,True,H317 H319 H412 EUH208,H317 H319 H412 EUH208,P261 P273 P302+P352 P305+P351+P338 P333+P313 P337+P313 P501,P261 P264 P272 P273 P280 P302+P352 P305+P351+P338 P333+P313 P337+P313 P363 P501,4-trans-propenylveratrole | Caryophyllene | Citronellal | Citronellol | Geranyl Acetate | Terpinen-4-ol | a-Pinene | cis-Methylisoeugenol | l-Limonene,4-trans-propenylveratrole | Caryophyllene | Citronellal | Citronellol | Geranyl acetate | Terpinen-4-ol | a-Pinene | cis-Methylisoeugenol | l-Limonene,Warning,Warning,True,exclamation,exclamation,True,"EN 15494 candle pictograms, product type, business name/address/phone checked in rendered label",warning + blocked,Your label needs more space.Choose a larger size to keep all required information clearly readable.Smallest tested size for your current content: 86×60mm (recta,"blocked, no download charged",warning + blocked,Your label needs more space.Choose a larger size to keep all required information clearly readable.Smallest tested size for your current content: 88×59mm (recta,"blocked, no download charged",88x59: fits,88x59: PNG+SVG+PDF,yes,all printed,1.2,REVIEW,PASS,REVIEW,FAIL,Owner decision (policy/review),"REVIEW: supplier P codes withheld by CLPeasy consumer-label policy: ['P264', 'P272', 'P280', 'P363']; no notice shown to the customer (the builder has no exclusion-notice element) || REVIEW: recommended 88x59 rendered: P wording on label materially shorter than supplier: P305+P351+P338: supplier ""IF IN EYES: Rinse cautiously with water for several minutes. Remove contact lenses, if present and easy to do. Continue rinsing."" / label ""IF IN EYES: rinse cautiously with water for several minutes""",qa-artifacts/sds-e2e/021/
022,Nikura,Clary Sage Essential Oil,https://nikura.blob.core.windows.net/pdfs/CLP10_Clary_Sage_Essential_Oil_EO-CLA.pdf,1468a9c8e89ebe3ab12256d085255a25f2f706d7c9046eb2c33522852f20e52b,1 (16/01/2026),True,True,H317 EUH208,H317 EUH208,P261 P302+P352 P333+P313 P501,P261 P272 P280 P302+P352 P333+P313 P363 P501,Caryophyllene | Geraniol | Geranyl Acetate,Caryophyllene | Geraniol | Geranyl acetate,Warning,Warning,True,exclamation,exclamation,True,"EN 15494 candle pictograms, product type, business name/address/phone checked in rendered label",warning + blocked,Your label needs more space.Choose a larger size to keep all required information clearly readable.Smallest tested size for your current content: 77×54mm (recta,"blocked, no download charged",warning + blocked,Your label needs more space.Choose a larger size to keep all required information clearly readable.Smallest tested size for your current content: 80×54mm (recta,"blocked, no download charged",80x54: fits,80x54: PNG+SVG+PDF,yes,all printed,1.22,REVIEW,PASS,REVIEW,REVIEW,Owner decision (policy/review),"REVIEW: supplier P codes withheld by CLPeasy consumer-label policy: ['P272', 'P280', 'P363']; no notice shown to the customer (the builder has no exclusion-notice element)",qa-artifacts/sds-e2e/022/
023,Nikura,Clary Sage French Essential Oil,https://nikura.blob.core.windows.net/pdfs/CLP10_Clary_Sage_French_Essential_Oil_EO-CLF.pdf,25176533b91856c3fae52b71a3774a68e0b3c3f692f514767b675cd269192b85,1 (18/12/2024),True,True,H317 EUH208,H317 EUH208,P261 P302+P352 P333+P313 P501,P261 P272 P280 P302+P352 P333+P313 P363 P501,Geranyl Acetate | alpha-Pinene | beta-Caryophyllene,Geranyl acetate | alpha-Pinene | beta-Caryophyllene,Warning,Warning,True,exclamation,exclamation,True,"EN 15494 candle pictograms, product type, business name/address/phone checked in rendered label",warning + blocked,Your label needs more space.Choose a larger size to keep all required information clearly readable.Smallest tested size for your current content: 77×54mm (recta,"blocked, no download charged",warning + blocked,Your label needs more space.Choose a larger size to keep all required information clearly readable.Smallest tested size for your current content: 80×54mm (recta,"blocked, no download charged",80x54: fits,80x54: PNG+SVG+PDF,yes,all printed,1.22,REVIEW,PASS,REVIEW,FAIL,Owner decision (policy/review),"REVIEW: supplier P codes withheld by CLPeasy consumer-label policy: ['P272', 'P280', 'P363']; no notice shown to the customer (the builder has no exclusion-notice element)",qa-artifacts/sds-e2e/023/
024,Nikura,Clove Bud Essential Oil,https://nikura.blob.core.windows.net/pdfs/CLP10_Clove_Bud_Essential_Oil_EO-CLO.pdf,c4f686c0427b4454d83c52e01833b3bd18a4195a7076e78a91f6edbafa7cda73,1 (16/01/2026),True,True,H317 H402 EUH208,H317 H402 EUH208,P261 P302+P352 P333+P313 P501,P261 P272 P280 P302+P352 P333+P313 P363 P501,Caryophyllene,Caryophyllene,Warning,Warning,True,exclamation,exclamation,True,"EN 15494 candle pictograms, product type, business name/address/phone checked in rendered label",BLOCKED (journey stopped before preview),,,BLOCKED (journey stopped before preview),,,,,n/a,n/a,,REVIEW,BLOCKED,SUPPLIER REVIEW,REVIEW,Supplier SDS,"SUPPLIER: supplier Section 2.2 uses GHS-only code(s) not in GB CLP: H402 || SUPPLIER: builder correctly stops the journey on the non-GB code and asks for supplier clarification || REVIEW: supplier P codes withheld by CLPeasy consumer-label policy: ['P272', 'P280', 'P363']; no notice shown to the customer (the builder has no exclusion-notice element)",qa-artifacts/sds-e2e/024/
025,Nikura,Clove Leaf Essential Oil,https://nikura.blob.core.windows.net/pdfs/CLP10_Clove_Leaf_Essential_Oil_EO-CLOLE.pdf,c9a9f54391525d20058ea9ead0308dfa164f213f7261820dd2abf7a79f5adbb5,1 (01/11/2021),True,True,H317 EUH208,H317 EUH208,P261 P302+P352 P333+P313 P501,P261 P272 P280 P302+P352 P333+P313 P363 P501,Isoeugenol,Isoeugenol,Warning,Warning,True,exclamation,exclamation,True,"EN 15494 candle pictograms, product type, business name/address/phone checked in rendered label",warning + blocked,Your label needs more space.Choose a larger size to keep all required information clearly readable.Smallest tested size for your current content: 77×54mm (recta,"blocked, no download charged",warning + blocked,Your label needs more space.Choose a larger size to keep all required information clearly readable.Smallest tested size for your current content: 80×54mm (recta,"blocked, no download charged",80x54: fits,80x54: PNG+SVG+PDF,yes,all printed,1.22,REVIEW,PASS,REVIEW,REVIEW,Owner decision (policy/review),"REVIEW: supplier P codes withheld by CLPeasy consumer-label policy: ['P272', 'P280', 'P363']; no notice shown to the customer (the builder has no exclusion-notice element)",qa-artifacts/sds-e2e/025/
026,Nikura,Coriander Essential Oil,https://nikura.blob.core.windows.net/pdfs/CLP10_Coriander_Essential_Oil_EO-COR.pdf,69df2e6e059e2f8f94d92852e615bba861136b0a378904f2f32825503a9abaef,1 (01/11/2021),True,True,H317 H412 EUH208,H317 H412 EUH208,P261 P273 P302+P352 P333+P313 P501,P261 P272 P273 P280 P302+P352 P333+P313 P363 P501,2-trans-Dodecenal | Lauric aldehyde | Methylheptenone (isomer unspecified) | alpha-Pinene,2-trans-Dodecenal | Lauric aldehyde | Methylheptenone (isomer unspecified) | alpha-Pinene,Warning,Warning,True,exclamation,exclamation,True,"EN 15494 candle pictograms, product type, business name/address/phone checked in rendered label",warning + blocked,Your label needs more space.Choose a larger size to keep all required information clearly readable.Smallest tested size for your current content: 77×54mm (recta,"blocked, no download charged",warning + blocked,Your label needs more space.Choose a larger size to keep all required information clearly readable.Smallest tested size for your current content: 80×54mm (recta,"blocked, no download charged",80x54: fits,80x54: PNG+SVG+PDF,yes,all printed,1.22,REVIEW,PASS,REVIEW,FAIL,Owner decision (policy/review),"REVIEW: supplier P codes withheld by CLPeasy consumer-label policy: ['P272', 'P280', 'P363']; no notice shown to the customer (the builder has no exclusion-notice element)",qa-artifacts/sds-e2e/026/
027,Nikura,Cypress Essential Oil,https://nikura.blob.core.windows.net/pdfs/CLP10_Cypress_Essential_Oil_EO-CYP.pdf,0a9ded9686f3e84f8b5ecadc832418455105781cca93a55995a64338fafc5b96,1 (17/04/2026),True,True,H317 H411 EUH208,H317 H411 EUH208,P261 P273 P302+P352 P333+P313 P391 P501,P261 P272 P273 P280 P302+P352 P333+P313 P363 P391 P501,Terpinen-4-ol | Terpinolene | beta-Pinene | l-Limonene,Terpinen-4-ol | Terpinolene | beta-Pinene | l-Limonene,Warning,Warning,True,aquatic exclamation,aquatic exclamation,True,"EN 15494 candle pictograms, product type, business name/address/phone checked in rendered label",warning + blocked,Your label needs more space.Choose a larger size to keep all required information clearly readable.Smallest tested size for your current content: 77×54mm (recta,"blocked, no download charged",warning + blocked,Your label needs more space.Choose a larger size to keep all required information clearly readable.Smallest tested size for your current content: 80×54mm (recta,"blocked, no download charged",80x54: fits,80x54: PNG+SVG+PDF,yes,all printed,1.22,REVIEW,PASS,REVIEW,FAIL,Owner decision (policy/review),"REVIEW: supplier P codes withheld by CLPeasy consumer-label policy: ['P272', 'P280', 'P363']; no notice shown to the customer (the builder has no exclusion-notice element)",qa-artifacts/sds-e2e/027/
028,Nikura,Dill Seed Essential Oil,https://nikura.blob.core.windows.net/pdfs/CLP10_Dill_Seed_Essential_Oil_EO-DIL.pdf,8278fddc24007949a981024e495342012b1d7ffa2d96b2fd8101e956c3550b26,1 (01/11/2021),True,True,H317,H317,P261 P302+P352 P333+P313 P501,P261 P272 P280 P302+P352 P333+P313 P363 P501,,,Warning,Warning,True,exclamation,exclamation,True,"EN 15494 candle pictograms, product type, business name/address/phone checked in rendered label",warning + blocked,Your label needs more space.Choose a larger size to keep all required information clearly readable.Smallest tested size for your current content: 69×48mm (recta,"blocked, no download charged",fits,none,not blocked,,76x51: PNG+SVG+PDF,yes,all printed,1.32,REVIEW,PASS,REVIEW,REVIEW,Owner decision (policy/review),"REVIEW: supplier P codes withheld by CLPeasy consumer-label policy: ['P272', 'P280', 'P363']; no notice shown to the customer (the builder has no exclusion-notice element)",qa-artifacts/sds-e2e/028/
029,Nikura,Eucalyptus Chinese Essential Oil,https://nikura.blob.core.windows.net/pdfs/CLP10_Eucalyptus_Chinese_Essential_Oil_EO-CEUL.pdf,05c7068e3f537bbbbd979afc94ce59398a7ac003513e5604ce23885de9fc4f07,1 (01/11/2021),True,True,H317 H412 EUH208,H317 H412 EUH208,P261 P273 P302+P352 P333+P313 P501,P261 P272 P273 P280 P302+P352 P333+P313 P363 P501,alpha-Pinene | l-Limonene,alpha-Pinene | l-Limonene,Warning,Warning,True,exclamation,exclamation,True,"EN 15494 candle pictograms, product type, business name/address/phone checked in rendered label",warning + blocked,Your label needs more space.Choose a larger size to keep all required information clearly readable.Smallest tested size for your current content: 77×54mm (recta,"blocked, no download charged",warning + blocked,Your label needs more space.Choose a larger size to keep all required information clearly readable.Smallest tested size for your current content: 80×54mm (recta,"blocked, no download charged",80x54: fits,80x54: PNG+SVG+PDF,yes,all printed,1.22,REVIEW,PASS,REVIEW,REVIEW,Owner decision (policy/review),"REVIEW: supplier P codes withheld by CLPeasy consumer-label policy: ['P272', 'P280', 'P363']; no notice shown to the customer (the builder has no exclusion-notice element)",qa-artifacts/sds-e2e/029/
030,Nikura,Eucalyptus Indian Essential Oil,https://nikura.blob.core.windows.net/pdfs/CLP10_Eucalyptus_Indian_Essential_Oil_EO-EUL.pdf,f0b183f2ec4f15910878ec33457d559a5a479f72e774a18ad145c848ae5d360b,1 (01/11/2021),True,True,H317 H412 EUH208,H317 H412 EUH208,P261 P273 P302+P352 P333+P313 P501,P261 P272 P273 P280 P302+P352 P333+P313 P363 P501,alpha-Pinene | l-Limonene,alpha-Pinene | l-Limonene,Warning,Warning,True,exclamation,exclamation,True,"EN 15494 candle pictograms, product type, business name/address/phone checked in rendered label",warning + blocked,Your label needs more space.Choose a larger size to keep all required information clearly readable.Smallest tested size for your current content: 77×54mm (recta,"blocked, no download charged",warning + blocked,Your label needs more space.Choose a larger size to keep all required information clearly readable.Smallest tested size for your current content: 80×54mm (recta,"blocked, no download charged",80x54: fits,80x54: PNG+SVG+PDF,yes,all printed,1.22,REVIEW,PASS,REVIEW,REVIEW,Owner decision (policy/review),"REVIEW: supplier P codes withheld by CLPeasy consumer-label policy: ['P272', 'P280', 'P363']; no notice shown to the customer (the builder has no exclusion-notice element)",qa-artifacts/sds-e2e/030/
031,Nikura,Fennel Sweet Essential Oil,https://nikura.blob.core.windows.net/pdfs/CLP10_Fennel_Sweet_Essential_Oil_EO-FEN.pdf,e62552a819ddf40ca6f466184aad5753041eb308093cc3c478df472f1b90ab49,1 (12/08/2025),True,True,H317 H412 EUH208,H317 H412 EUH208,P261 P273 P302+P352 P333+P313 P501,P261 P272 P273 P280 P302+P352 P333+P313 P363 P501,Estragole | a-Pinene | alpha-Phellandrene | d-Limonene,Estragole | a-Pinene | alpha-Phellandrene | d-Limonene,Warning,Warning,True,exclamation,exclamation,True,"EN 15494 candle pictograms, product type, business name/address/phone checked in rendered label",warning + blocked,Your label needs more space.Choose a larger size to keep all required information clearly readable.Smallest tested size for your current content: 77×54mm (recta,"blocked, no download charged",warning + blocked,Your label needs more space.Choose a larger size to keep all required information clearly readable.Smallest tested size for your current content: 80×54mm (recta,"blocked, no download charged",80x54: fits,80x54: PNG+SVG+PDF,yes,all printed,1.22,REVIEW,PASS,REVIEW,FAIL,Owner decision (policy/review),"REVIEW: supplier P codes withheld by CLPeasy consumer-label policy: ['P272', 'P280', 'P363']; no notice shown to the customer (the builder has no exclusion-notice element)",qa-artifacts/sds-e2e/031/
032,Nikura,Fir Needle Essential Oil,https://nikura.blob.core.windows.net/pdfs/CLP10_Fir_Needle_Essential_Oil_EO-FIRN.pdf,75e9b7bb265c83470d19c521a29033471372988a50bee71e83499e2a565c8965,1 (23/12/2024),True,True,H317 H411 EUH208,H317 H411 EUH208,P261 P273 P302+P352 P333+P313 P391 P501,P261 P272 P273 P280 P302+P352 P333+P313 P363 P391 P501,beta-Caryophyllene | beta-Pinene | delta-3-Carene | l-Limonene,beta-Caryophyllene | beta-Pinene | delta-3-Carene | l-Limonene,Warning,Warning,True,aquatic exclamation,aquatic exclamation,True,"EN 15494 candle pictograms, product type, business name/address/phone checked in rendered label",warning + blocked,Your label needs more space.Choose a larger size to keep all required information clearly readable.Smallest tested size for your current content: 77×54mm (recta,"blocked, no download charged",warning + blocked,Your label needs more space.Choose a larger size to keep all required information clearly readable.Smallest tested size for your current content: 80×54mm (recta,"blocked, no download charged",80x54: fits,80x54: PNG+SVG+PDF,yes,all printed,1.22,REVIEW,PASS,REVIEW,FAIL,Owner decision (policy/review),"REVIEW: supplier P codes withheld by CLPeasy consumer-label policy: ['P272', 'P280', 'P363']; no notice shown to the customer (the builder has no exclusion-notice element)",qa-artifacts/sds-e2e/032/
033,Nikura,Frankincense Carterii Essential Oil,https://nikura.blob.core.windows.net/pdfs/CLP10_Frankincense_Carterii_Essential_Oil_EO-FCA.pdf,a08a092239815d0c0981c8db76e2fe01de37d208c18fc227d4f91cd395d457ea,1 (30/05/2025),True,True,H315 H317 H411 EUH208,H315 H317 H411 EUH208,P261 P273 P302+P352 P333+P313 P391 P501,P261 P264 P272 P273 P280 P302+P352 P333+P313 P362 P391 P501,"2,2,3-Trimethyl-3-Cyclopentene-1-acetaldehyde | Carvone | Eucalyptol | Geraniol | Linalool | Terpinen-4-ol | alpha-Phellandrene | beta-Caryophyllene | beta-Phellandrene | delta-3-Carene | l-.beta.-Pinene | p-Mentha-1,3-diene","2,2,3-Trimethyl-3-Cyclopentene-1-acetaldehyde | Carvone | Eucalyptol | Geraniol | Linalool | Terpinen-4-ol | alpha-Phellandrene | beta-Caryophyllene | beta-Phellandrene | delta-3-Carene | l-.beta.-Pinene | p-Mentha-1,3-diene",Warning,Warning,True,aquatic exclamation,aquatic exclamation,True,"EN 15494 candle pictograms, product type, business name/address/phone checked in rendered label",warning + blocked,Your label needs more space.Choose a larger size to keep all required information clearly readable.Smallest tested size for your current content: 84×59mm (recta,"blocked, no download charged",warning + blocked,Your label needs more space.Choose a larger size to keep all required information clearly readable.Smallest tested size for your current content: 88×59mm (recta,"blocked, no download charged",88x59: fits,88x59: PNG+SVG+PDF,yes,all printed,1.2,REVIEW,PASS,REVIEW,FAIL,Owner decision (policy/review),"REVIEW: supplier P codes withheld by CLPeasy consumer-label policy: ['P264', 'P272', 'P280', 'P362']; no notice shown to the customer (the builder has no exclusion-notice element)",qa-artifacts/sds-e2e/033/
034,Nikura,Frankincense Frereana Maydi Essential Oil,https://nikura.blob.core.windows.net/pdfs/CLP10_Frankincense_Frereana_Maydi_Essential_Oil_EO-FRAFR.pdf,89700f641c0fdf9a76fb67b147f02f0c58452f0e253eb9c06b2e4d1cfc474ed9,1 (10/06/2025),True,True,H317 H411 EUH208,H317 H411 EUH208,P261 P273 P302+P352 P333+P313 P391 P501,P261 P272 P273 P280 P302+P352 P333+P313 P363 P391 P501,Caryophyllene acetate | Estragole | Terpinen-4-ol | Terpinolene | beta-Pinene,Caryophyllene acetate | Estragole | Terpinen-4-ol | Terpinolene | beta-Pinene,Warning,Warning,True,aquatic exclamation,aquatic exclamation,True,"EN 15494 candle pictograms, product type, business name/address/phone checked in rendered label",warning + blocked,Your label needs more space.Choose a larger size to keep all required information clearly readable.Smallest tested size for your current content: 77×54mm (recta,"blocked, no download charged",warning + blocked,Your label needs more space.Choose a larger size to keep all required information clearly readable.Smallest tested size for your current content: 80×54mm (recta,"blocked, no download charged",80x54: fits,80x54: PNG+SVG+PDF,yes,all printed,1.22,REVIEW,PASS,REVIEW,FAIL,Owner decision (policy/review),"REVIEW: supplier P codes withheld by CLPeasy consumer-label policy: ['P272', 'P280', 'P363']; no notice shown to the customer (the builder has no exclusion-notice element)",qa-artifacts/sds-e2e/034/
035,Nikura,Frankincense Serrata Indian Essential Oil,https://nikura.blob.core.windows.net/pdfs/CLP10_Frankincense_Serrata_Indian_Essential_Oil_EO-FRAIN.pdf,fc6432647b19ce6c1fe67297e1f32fbf3adbd670da5ff19abef19dfe10db5847,1 (03/02/2026),True,True,H317 H411 EUH208,H317 H411 EUH208,P261 P273 P302+P352 P333+P313 P391 P501,P261 P272 P273 P280 P302+P352 P333+P313 P363 P391 P501,Caryophyllene | Estragole | beta-Pinene | d-Limonene,Caryophyllene | Estragole | beta-Pinene | d-Limonene,Warning,Warning,True,aquatic exclamation,aquatic exclamation,True,"EN 15494 candle pictograms, product type, business name/address/phone checked in rendered label",warning + blocked,Your label needs more space.Choose a larger size to keep all required information clearly readable.Smallest tested size for your current content: 77×54mm (recta,"blocked, no download charged",warning + blocked,Your label needs more space.Choose a larger size to keep all required information clearly readable.Smallest tested size for your current content: 80×54mm (recta,"blocked, no download charged",80x54: fits,80x54: PNG+SVG+PDF,yes,all printed,1.22,REVIEW,PASS,REVIEW,FAIL,Owner decision (policy/review),"REVIEW: supplier P codes withheld by CLPeasy consumer-label policy: ['P272', 'P280', 'P363']; no notice shown to the customer (the builder has no exclusion-notice element)",qa-artifacts/sds-e2e/035/
036,Nikura,Garden Mint Essential Oil,https://nikura.blob.core.windows.net/pdfs/CLP10_Garden_Mint_Essential_Oil_EO-GARD.pdf,3aa2399c71b4da6abe6a9a1342038e6b35d96b45bfbff106f78f5677edeb6a75,1 (28/11/2025),True,True,H317 H412 EUH208,H317 H412 EUH208,P261 P273 P302+P352 P333+P313 P501,P261 P272 P273 P280 P302+P352 P333+P313 P363 P501,Isomenthone | a-Pinene | beta-Pinene | l-Limonene,Isomenthone | a-Pinene | beta-Pinene | l-Limonene,Warning,Warning,True,exclamation,exclamation,True,"EN 15494 candle pictograms, product type, business name/address/phone checked in rendered label",warning + blocked,Your label needs more space.Choose a larger size to keep all required information clearly readable.Smallest tested size for your current content: 77×54mm (recta,"blocked, no download charged",warning + blocked,Your label needs more space.Choose a larger size to keep all required information clearly readable.Smallest tested size for your current content: 80×54mm (recta,"blocked, no download charged",80x54: fits,80x54: PNG+SVG+PDF,yes,all printed,1.22,REVIEW,PASS,REVIEW,FAIL,Owner decision (policy/review),"REVIEW: supplier P codes withheld by CLPeasy consumer-label policy: ['P272', 'P280', 'P363']; no notice shown to the customer (the builder has no exclusion-notice element)",qa-artifacts/sds-e2e/036/
037,Nikura,Garlic Essential Oil,https://nikura.blob.core.windows.net/pdfs/CLP10_Garlic_Essential_Oil_EO-GAR.pdf,e403914903b2cc4df878c8d5024812150e5e7739a49968cdf653e474f48cb1e6,1 (01/11/2021),True,True,H317,H317,P261 P302+P352 P333+P313 P501,P261 P272 P280 P302+P352 P333+P313 P363 P501,,,Warning,Warning,True,exclamation,exclamation,True,"EN 15494 candle pictograms, product type, business name/address/phone checked in rendered label",warning + blocked,Your label needs more space.Choose a larger size to keep all required information clearly readable.Smallest tested size for your current content: 69×48mm (recta,"blocked, no download charged",fits,none,not blocked,,76x51: PNG+SVG+PDF,yes,all printed,1.32,REVIEW,PASS,REVIEW,REVIEW,Owner decision (policy/review),"REVIEW: supplier P codes withheld by CLPeasy consumer-label policy: ['P272', 'P280', 'P363']; no notice shown to the customer (the builder has no exclusion-notice element)",qa-artifacts/sds-e2e/037/
038,Nikura,Geranium Bourbon Essential Oil,https://nikura.blob.core.windows.net/pdfs/CLP10_Geranium_Bourbon_Essential_Oil_EO-GER.pdf,f065bee160a6f1215900bf7d326f6eed1cc4418b0cfa68b26f1f4ff807239647,1 (16/01/2026),True,True,H317 H319 H402 EUH208,H317 H319 H402 EUH208,P261 P302+P352 P305+P351+P338 P333+P313 P337+P313 P501,P261 P264 P272 P280 P302+P352 P305+P351+P338 P333+P313 P337+P313 P363 P501,Citronellyl formate | Citronellyl tiglate | Geranyl formate | Geranyl propionate | Isomenthone | Menthone | Nerol,Citronellyl formate | Citronellyl tiglate | Geranyl formate | Geranyl propionate | Isomenthone | Menthone | Nerol,Warning,Warning,True,exclamation,exclamation,True,"EN 15494 candle pictograms, product type, business name/address/phone checked in rendered label",BLOCKED (journey stopped before preview),,,BLOCKED (journey stopped before preview),,,,,n/a,n/a,,REVIEW,BLOCKED,SUPPLIER REVIEW,FAIL,Supplier SDS,"SUPPLIER: supplier Section 2.2 uses GHS-only code(s) not in GB CLP: H402 || SUPPLIER: builder correctly stops the journey on the non-GB code and asks for supplier clarification || REVIEW: supplier P codes withheld by CLPeasy consumer-label policy: ['P264', 'P272', 'P280', 'P363']; no notice shown to the customer (the builder has no exclusion-notice element)",qa-artifacts/sds-e2e/038/
039,Nikura,Ginger Chinese Essential Oil,https://nikura.blob.core.windows.net/pdfs/CLP10_Ginger_Chinese_Essential_Oil_EO-GINC.pdf,d303d6ce57d69a8c66cf29549248774e57f13ac4137fec45d52c9d802f3b1b34,1 (01/11/2021),True,True,H412 EUH208,H412 EUH208,P273 P501,P273 P501,Eucalyptol | Geranial | Linalyl acetate | Neral | alpha-Pinene | l-.β.-Bisabolene,Eucalyptol | Geranial | Linalyl acetate | Neral | alpha-Pinene | l-.β.-Bisabolene,,,True,,,True,"EN 15494 candle pictograms, product type, business name/address/phone checked in rendered label",warning + blocked,Your label needs more space.Choose a larger size to keep all required information clearly readable.Smallest tested size for your current content: 70×49mm (recta,"blocked, no download charged",fits,none,not blocked,,76x51: PNG+SVG+PDF,yes,all printed,1.2,PASS,PASS,PASS,FAIL,,,qa-artifacts/sds-e2e/039/
040,Nikura,Ginger Indian Essential Oil,https://nikura.blob.core.windows.net/pdfs/CLP10_Ginger_Indian_Essential_Oil_EO-GINI.pdf,4e101000b640bbbcb79465ab0fbbc94c0244fd805cb12cf81a9ae39f2e77ffcc,1 (11/06/2025),True,True,H412 EUH208,H412 EUH208,P273 P501,P273 P501,Citral | Eucalyptol | alpha-Pinene | dl-Limonene | l-.β.-Bisabolene,Citral | Eucalyptol | alpha-Pinene | dl-Limonene | l-.β.-Bisabolene,,,True,,,True,"EN 15494 candle pictograms, product type, business name/address/phone checked in rendered label",warning + blocked,Your label needs more space.Choose a larger size to keep all required information clearly readable.Smallest tested size for your current content: 70×49mm (recta,"blocked, no download charged",fits,none,not blocked,,76x51: PNG+SVG+PDF,yes,all printed,1.2,PASS,PASS,PASS,FAIL,,,qa-artifacts/sds-e2e/040/
041,Nikura,Grapefruit White Essential Oil,https://nikura.blob.core.windows.net/pdfs/CLP10_Grapefruit_White_Essential_Oil_EO-GRA.pdf,db172d084c97fc7a37c1f57baa97e838d31a51eeaa6fa7bb79740269aa2b9505,1 (12/08/2025),True,True,H317 H401,H317 H401,P261 P302+P352 P333+P313 P501,P261 P272 P280 P302+P352 P333+P313 P363 P501,,,Warning,Warning,True,exclamation,exclamation,True,"EN 15494 candle pictograms, product type, business name/address/phone checked in rendered label",BLOCKED (journey stopped before preview),,,BLOCKED (journey stopped before preview),,,,,n/a,n/a,,REVIEW,BLOCKED,SUPPLIER REVIEW,REVIEW,Supplier SDS,"SUPPLIER: supplier Section 2.2 uses GHS-only code(s) not in GB CLP: H401 || SUPPLIER: builder correctly stops the journey on the non-GB code and asks for supplier clarification || REVIEW: supplier P codes withheld by CLPeasy consumer-label policy: ['P272', 'P280', 'P363']; no notice shown to the customer (the builder has no exclusion-notice element)",qa-artifacts/sds-e2e/041/
042,Nikura,Gurjun Essential Oil,https://nikura.blob.core.windows.net/pdfs/CLP10_Gurjun_Essential_Oil_EO-GUR.pdf,5958e16e01de5582354cda0a3b471785ebb5fe033c99ee2d0fbb39b9bf686f40,1 (01/11/2021),True,True,,,,,,,,,True,,,True,"EN 15494 candle pictograms, product type, business name/address/phone checked in rendered label",BLOCKED (journey stopped before preview),,,BLOCKED (journey stopped before preview),,,,,n/a,n/a,,REVIEW,BLOCKED,REVIEW,PASS (extraction only),Owner decision (policy/review),"REVIEW: supplier SDS states no classification (Signal word/Hazard statements: None); builder cannot continue past Step 3 (""Please extract hazard data…"") — no label can be produced for an unclassified mixture",qa-artifacts/sds-e2e/042/
043,Nikura,Hyssop Essential Oil,https://nikura.blob.core.windows.net/pdfs/CLP10_Hyssop_Essential_Oil_EO-HYS.pdf,296ac8b3ec8045fc468417976ac07bf75955868bdc777594466333ef6e04fbba,1 (01/11/2021),True,True,H317 H412 EUH208,H317 H412 EUH208,P261 P273 P302+P352 P333+P313 P501,P261 P272 P273 P280 P302+P352 P333+P313 P363 P501,Linalool | beta-Caryophyllene | l-Limonene,Linalool | beta-Caryophyllene | l-Limonene,Warning,Warning,True,exclamation,exclamation,True,"EN 15494 candle pictograms, product type, business name/address/phone checked in rendered label",warning + blocked,Your label needs more space.Choose a larger size to keep all required information clearly readable.Smallest tested size for your current content: 77×54mm (recta,"blocked, no download charged",warning + blocked,Your label needs more space.Choose a larger size to keep all required information clearly readable.Smallest tested size for your current content: 80×54mm (recta,"blocked, no download charged",80x54: fits,80x54: PNG+SVG+PDF,yes,all printed,1.22,REVIEW,PASS,REVIEW,REVIEW,Owner decision (policy/review),"REVIEW: supplier P codes withheld by CLPeasy consumer-label policy: ['P272', 'P280', 'P363']; no notice shown to the customer (the builder has no exclusion-notice element)",qa-artifacts/sds-e2e/043/
044,Nikura,Jasmine Indian Essential Oil,https://nikura.blob.core.windows.net/pdfs/CLP10_Jasmine_Indian_Essential_Oil_EO-JIN.pdf,90c509bd334edcaeb345659923f1a944821afed64b46f5a1d167adff726201e3,1 (17/09/2025),True,True,H412 H401 EUH208,H401 H412 EUH208,P273 P501,P273 P501,Eugenol | Isoeugenol | Linalool | Phytol,Eugenol | Isoeugenol | Linalool | Phytol,,,True,,,True,"EN 15494 candle pictograms, product type, business name/address/phone checked in rendered label",BLOCKED (journey stopped before preview),,,BLOCKED (journey stopped before preview),,,,,n/a,n/a,,REVIEW,BLOCKED,SUPPLIER REVIEW,PASS (extraction only),Supplier SDS,SUPPLIER: supplier Section 2.2 uses GHS-only code(s) not in GB CLP: H401 || SUPPLIER: builder correctly stops the journey on the non-GB code and asks for supplier clarification,qa-artifacts/sds-e2e/044/
045,Nikura,Juniper Berry Essential Oil,https://nikura.blob.core.windows.net/pdfs/CLP10_Juniper_Berry_Essential_Oil_EO-JUN.pdf,82040b0a683555d66bb64e614b1ca06e15f312c82f6301ec6d672dd17d485441,1 (31/07/2025),True,True,H317 H411 H316 EUH208,H316 H317 H411 EUH208,P261 P273 P302+P352 P333+P313 P391 P501,P261 P272 P273 P280 P302+P352 P333+P313 P363 P391 P501,"Caryophyllene | Terpinen-4-ol | Terpinolene | alpha-Phellandrene | beta-Pinene | d-Limonene | p-Mentha-1,3-diene","Caryophyllene | Terpinen-4-ol | Terpinolene | alpha-Phellandrene | beta-Pinene | d-Limonene | p-Mentha-1,3-diene",Warning,Warning,True,aquatic exclamation,aquatic exclamation,True,"EN 15494 candle pictograms, product type, business name/address/phone checked in rendered label",BLOCKED (journey stopped before preview),,,BLOCKED (journey stopped before preview),,,,,n/a,n/a,,REVIEW,BLOCKED,SUPPLIER REVIEW,FAIL,Supplier SDS,"SUPPLIER: supplier Section 2.2 uses GHS-only code(s) not in GB CLP: H316 || SUPPLIER: builder correctly stops the journey on the non-GB code and asks for supplier clarification || REVIEW: supplier P codes withheld by CLPeasy consumer-label policy: ['P272', 'P280', 'P363']; no notice shown to the customer (the builder has no exclusion-notice element)",qa-artifacts/sds-e2e/045/
046,Nikura,Lavandin Essential Oil,https://nikura.blob.core.windows.net/pdfs/CLP10_Lavandin_Essential_Oil_EO-LAVN.pdf,36783a7f7a347f7e8c5b23b32da65016c7d131ad6197c923b3b231e2dc557b64,1 (01/11/2021),True,True,H317 H319 EUH208,H317 H319 EUH208,P261 P302+P352 P305+P351+P338 P333+P313 P337+P313 P501,P261 P264 P272 P280 P302+P352 P305+P351+P338 P333+P313 P337+P313 P363 P501,Eucalyptol | Neryl acetate | beta-Caryophyllene | l-Limonene,Eucalyptol | Neryl acetate | beta-Caryophyllene | l-Limonene,Warning,Warning,True,exclamation,exclamation,True,"EN 15494 candle pictograms, product type, business name/address/phone checked in rendered label",warning + blocked,Your label needs more space.Choose a larger size to keep all required information clearly readable.Smallest tested size for your current content: 83×58mm (recta,"blocked, no download charged",warning + blocked,Your label needs more space.Choose a larger size to keep all required information clearly readable.Smallest tested size for your current content: 85×57mm (recta,"blocked, no download charged",85x57: fits,85x57: PNG+SVG+PDF,yes,all printed,1.2,REVIEW,PASS,REVIEW,FAIL,Owner decision (policy/review),"REVIEW: supplier P codes withheld by CLPeasy consumer-label policy: ['P264', 'P272', 'P280', 'P363']; no notice shown to the customer (the builder has no exclusion-notice element) || REVIEW: recommended 85x57 rendered: P wording on label materially shorter than supplier: P305+P351+P338: supplier ""IF IN EYES: Rinse cautiously with water for several minutes. Remove contact lenses, if present and easy to do. Continue rinsing."" / label ""IF IN EYES: rinse cautiously with water for several minutes"" || NOTE: smallest font size 1.1998 mm = renderer floor 1.2 mm less 2-decimal SVG rounding",qa-artifacts/sds-e2e/046/
047,Nikura,Lavender 4042 Essential Oil,https://nikura.blob.core.windows.net/pdfs/CLP10_Lavender_4042_Essential_Oil_EO-40LAV.pdf,a3802b7e42abc1bd96d85c2db726cb492b12eaf4d6a324c28b4962544a38c072,1 (24/07/2025),True,True,H317 H316 H402 EUH208,H316 H317 H402 EUH208,P261 P302+P352 P333+P313 P501,P261 P272 P280 P302+P352 P333+P313 P363 P501,Caryophyllene | Terpinen-4-ol,Caryophyllene | Terpinen-4-ol,Warning,Warning,True,exclamation,exclamation,True,"EN 15494 candle pictograms, product type, business name/address/phone checked in rendered label",BLOCKED (journey stopped before preview),,,BLOCKED (journey stopped before preview),,,,,n/a,n/a,,REVIEW,BLOCKED,SUPPLIER REVIEW,REVIEW,Supplier SDS,"SUPPLIER: supplier Section 2.2 uses GHS-only code(s) not in GB CLP: H316, H402 || SUPPLIER: builder correctly stops the journey on the non-GB code and asks for supplier clarification || REVIEW: supplier P codes withheld by CLPeasy consumer-label policy: ['P272', 'P280', 'P363']; no notice shown to the customer (the builder has no exclusion-notice element)",qa-artifacts/sds-e2e/047/
048,Nikura,Lavender Bulgarian Essential Oil,https://nikura.blob.core.windows.net/pdfs/CLP10_Lavender_Bulgarian_Essential_Oil_EO-LAVB.pdf,3ccf5ec0adf6ead3fd7876c08521d2e45b0eea07b4a5eb53396589316b8fead9,1 (17/04/2026),True,True,H317 H402 EUH208,H317 H402 EUH208,P261 P302+P352 P333+P313 P501,P261 P272 P280 P302+P352 P333+P313 P363 P501,Caryophyllene | Terpinen-4-ol,Caryophyllene | Terpinen-4-ol,Warning,Warning,True,exclamation,exclamation,True,"EN 15494 candle pictograms, product type, business name/address/phone checked in rendered label",BLOCKED (journey stopped before preview),,,BLOCKED (journey stopped before preview),,,,,n/a,n/a,,REVIEW,BLOCKED,SUPPLIER REVIEW,REVIEW,Supplier SDS,"SUPPLIER: supplier Section 2.2 uses GHS-only code(s) not in GB CLP: H402 || SUPPLIER: builder correctly stops the journey on the non-GB code and asks for supplier clarification || REVIEW: supplier P codes withheld by CLPeasy consumer-label policy: ['P272', 'P280', 'P363']; no notice shown to the customer (the builder has no exclusion-notice element)",qa-artifacts/sds-e2e/048/
049,Nikura,Lavender French Essential Oil,https://nikura.blob.core.windows.net/pdfs/CLP10_Lavender_French_Essential_Oil_EO-LAV.pdf,67fd4ba2c6b5bae4eb69c115871808f4378b80629e8448b8095fff8f2cd3a29c,1 (17/11/2025),True,True,H317 H402 EUH208,H317 H402 EUH208,P261 P302+P352 P333+P313 P501,P261 P272 P280 P302+P352 P333+P313 P363 P501,Caryophyllene | Terpinen-4-ol,Caryophyllene | Terpinen-4-ol,Warning,Warning,True,exclamation,exclamation,True,"EN 15494 candle pictograms, product type, business name/address/phone checked in rendered label",BLOCKED (journey stopped before preview),,,BLOCKED (journey stopped before preview),,,,,n/a,n/a,,REVIEW,BLOCKED,SUPPLIER REVIEW,REVIEW,Supplier SDS,"SUPPLIER: supplier Section 2.2 uses GHS-only code(s) not in GB CLP: H402 || SUPPLIER: builder correctly stops the journey on the non-GB code and asks for supplier clarification || REVIEW: supplier P codes withheld by CLPeasy consumer-label policy: ['P272', 'P280', 'P363']; no notice shown to the customer (the builder has no exclusion-notice element)",qa-artifacts/sds-e2e/049/
050,Nikura,Lemon Cold-Pressed Essential Oil,https://nikura.blob.core.windows.net/pdfs/CLP10_Lemon_Cold-Pressed_Essential_Oil_EO-LEMCP.pdf,803dcba5ec8e999c900134ee4d525e902f4bb7de78e5ad8592800ae7e059b558,1 (01/11/2021),True,True,H317 H412 EUH208,H317 H412 EUH208,P261 P273 P302+P352 P333+P313 P501,P261 P272 P273 P280 P302+P352 P333+P313 P363 P501,Eucalyptol | alpha-Pinene | beta-Pinene,Eucalyptol | alpha-Pinene | beta-Pinene,Warning,Warning,True,exclamation,exclamation,True,"EN 15494 candle pictograms, product type, business name/address/phone checked in rendered label",warning + blocked,Your label needs more space.Choose a larger size to keep all required information clearly readable.Smallest tested size for your current content: 77×54mm (recta,"blocked, no download charged",warning + blocked,Your label needs more space.Choose a larger size to keep all required information clearly readable.Smallest tested size for your current content: 80×54mm (recta,"blocked, no download charged",80x54: fits,80x54: PNG+SVG+PDF,yes,all printed,1.22,REVIEW,PASS,REVIEW,REVIEW,Owner decision (policy/review),"REVIEW: supplier P codes withheld by CLPeasy consumer-label policy: ['P272', 'P280', 'P363']; no notice shown to the customer (the builder has no exclusion-notice element)",qa-artifacts/sds-e2e/050/
051,Nikura,Lemon Essential Oil,https://nikura.blob.core.windows.net/pdfs/CLP10_Lemon_Essential_Oil_EO-LEM.pdf,e8455d85be6a6ec2941a29635d8f6a4e07d41dc5ee784ec42cc6d705b796b41e,1 (12/08/2025),True,True,H317 H412 H401 EUH208,H317 H401 H412 EUH208,P261 P273 P302+P352 P333+P313 P501,P261 P272 P273 P280 P302+P352 P333+P313 P363 P501,Geranial | a-Pinene,Geranial | a-Pinene,Warning,Warning,True,exclamation,exclamation,True,"EN 15494 candle pictograms, product type, business name/address/phone checked in rendered label",BLOCKED (journey stopped before preview),,,BLOCKED (journey stopped before preview),,,,,n/a,n/a,,REVIEW,BLOCKED,SUPPLIER REVIEW,REVIEW,Supplier SDS,"SUPPLIER: supplier Section 2.2 uses GHS-only code(s) not in GB CLP: H401 || SUPPLIER: builder correctly stops the journey on the non-GB code and asks for supplier clarification || REVIEW: supplier P codes withheld by CLPeasy consumer-label policy: ['P272', 'P280', 'P363']; no notice shown to the customer (the builder has no exclusion-notice element)",qa-artifacts/sds-e2e/051/
052,Nikura,Lemon Eucalyptus (Eucalyptus Citriodora) Essential Oil,https://nikura.blob.core.windows.net/pdfs/CLP10_Lemon_Eucalyptus_Eucalyptus_Citriodora_Essential_Oil_EO-CIR.pdf,f56f95e08d6ef471d91aa1bda4fb9eeb8182c6be2152d7a44f9aae4683b3dd3e,1 (23/12/2024),True,True,H317 EUH208,H317 EUH208,P261 P302+P352 P333+P313 P501,P261 P272 P280 P302+P352 P333+P313 P363 P501,dl-Citronellol,dl-Citronellol,Warning,Warning,True,exclamation,exclamation,True,"EN 15494 candle pictograms, product type, business name/address/phone checked in rendered label",warning + blocked,Your label needs more space.Choose a larger size to keep all required information clearly readable.Smallest tested size for your current content: 76×53mm (recta,"blocked, no download charged",warning + blocked,Your label needs more space.Choose a larger size to keep all required information clearly readable.Smallest tested size for your current content: 80×54mm (recta,"blocked, no download charged",80x54: fits,80x54: PNG+SVG+PDF,yes,all printed,1.2,REVIEW,PASS,REVIEW,REVIEW,Owner decision (policy/review),"REVIEW: supplier P codes withheld by CLPeasy consumer-label policy: ['P272', 'P280', 'P363']; no notice shown to the customer (the builder has no exclusion-notice element)",qa-artifacts/sds-e2e/052/
053,Nikura,Lemon Tea Tree Essential Oil,https://nikura.blob.core.windows.net/pdfs/CLP10_Lemon_Tea_Tree_Essential_Oil_EO-LEMT.pdf,aa290a9a08106e838cf147158323e68c65e236c504c6b39bb7546d0cae255138,1 (01/11/2021),True,True,H317 H319 H361 H412 EUH208,H317 H319 H361 H412 EUH208,P261 P273 P302+P352 P305+P351+P338 P308+P313 P333+P313 P337+P313 P501 P202,P261 P264 P272 P273 P280 P302+P352 P305+P351+P338 P308+P313 P333+P313 P337+P313 P363 P405 P501 P202,Caryophyllene acetate | Geraniol | Rhodinol,Caryophyllene acetate | Geraniol | Rhodinol,Warning,Warning,True,exclamation health,exclamation health,True,"EN 15494 candle pictograms, product type, business name/address/phone checked in rendered label",BLOCKED (journey stopped before preview),,,BLOCKED (journey stopped before preview),,,,,n/a,n/a,,FAIL,BLOCKED,FAIL,FAIL,CLPeasy Smart Paste / code library,"FAIL: builder rejects valid CLP P statement(s) ['P308+P313', 'P202'] and blocks the journey (""CLP code not recognised"") || REVIEW: supplier P codes withheld by CLPeasy consumer-label policy: ['P264', 'P272', 'P280', 'P363', 'P405']; no notice shown to the customer (the builder has no exclusion-notice element)",qa-artifacts/sds-e2e/053/
054,Nikura,Lemon Verbena Essential Oil,https://nikura.blob.core.windows.net/pdfs/CLP10_Lemon_Verbena_Essential_Oil_EO-LEMV.pdf,a174beac8b10153aa4b5d5e9b4dc790e2e5c5edad672d9d7f470fc0978c088f8,1 (12/08/2026),True,True,H317 H319 H412 EUH208,H317 H319 H412 EUH208,P261 P273 P302+P352 P305+P351+P338 P333+P313 P337+P313 P501,P261 P264 P272 P273 P280 P302+P352 P305+P351+P338 P333+P313 P337+P313 P363 P501,Caryophyllene acetate | Eucalyptol | Geraniol | Geranyl Acetate | Nerol | Nerolidol | Neryl acetate | a-Pinene | trans-Nerolidol,Caryophyllene acetate | Eucalyptol | Geraniol | Geranyl acetate | Nerol | Nerolidol | Neryl acetate | a-Pinene | trans-Nerolidol,Warning,Warning,True,exclamation,exclamation,True,"EN 15494 candle pictograms, product type, business name/address/phone checked in rendered label",warning + blocked,Your label needs more space.Choose a larger size to keep all required information clearly readable.Smallest tested size for your current content: 83×58mm (recta,"blocked, no download charged",warning + blocked,Your label needs more space.Choose a larger size to keep all required information clearly readable.Smallest tested size for your current content: 88×59mm (recta,"blocked, no download charged",88x59: fits,88x59: PNG+SVG+PDF,yes,all printed,1.2,REVIEW,PASS,REVIEW,FAIL,Owner decision (policy/review),"REVIEW: supplier P codes withheld by CLPeasy consumer-label policy: ['P264', 'P272', 'P280', 'P363']; no notice shown to the customer (the builder has no exclusion-notice element) || REVIEW: recommended 88x59 rendered: P wording on label materially shorter than supplier: P305+P351+P338: supplier ""IF IN EYES: Rinse cautiously with water for several minutes. Remove contact lenses, if present and easy to do. Continue rinsing."" / label ""IF IN EYES: rinse cautiously with water for several minutes""",qa-artifacts/sds-e2e/054/
055,Nikura,Lemongrass Essential Oil,https://nikura.blob.core.windows.net/pdfs/CLP10_Lemongrass_Essential_Oil_EO-LEG.pdf,47eee37a300601e1547f5a3bbaad37f264906a5ea256107f8bdaba153190d5aa,1 (06/02/2026),True,True,H317 H402 EUH208,H317 H402 EUH208,P261 P302+P352 P333+P313 P501,P261 P272 P280 P302+P352 P333+P313 P363 P501,Caryophyllene | Geraniol | Geranyl Acetate | Isocitral #2 | Isocitral #3 | Isoeugenol | Linalool | l-Limonene,Caryophyllene | Geraniol | Geranyl acetate | Isocitral #2 | Isocitral #3 | Isoeugenol | Linalool | l-Limonene,Warning,Warning,True,exclamation,exclamation,True,"EN 15494 candle pictograms, product type, business name/address/phone checked in rendered label",BLOCKED (journey stopped before preview),,,BLOCKED (journey stopped before preview),,,,,n/a,n/a,,REVIEW,BLOCKED,SUPPLIER REVIEW,FAIL,Supplier SDS,"SUPPLIER: supplier Section 2.2 uses GHS-only code(s) not in GB CLP: H402 || SUPPLIER: builder correctly stops the journey on the non-GB code and asks for supplier clarification || REVIEW: supplier P codes withheld by CLPeasy consumer-label policy: ['P272', 'P280', 'P363']; no notice shown to the customer (the builder has no exclusion-notice element)",qa-artifacts/sds-e2e/055/
056,Nikura,Lime Essential Oil,https://nikura.blob.core.windows.net/pdfs/CLP10_Lime_Essential_Oil_EO-LIM.pdf,bf54c23c7d301dd3ad3e5795a88ceb2c2331f048270011289c001ad86847f3b0,1 (13/06/2025),True,True,H317 H412 EUH208,H317 H412 EUH208,P261 P273 P302+P352 P333+P313 P501,P261 P272 P273 P280 P302+P352 P333+P313 P363 P501,"Citral | Eucalyptol | alpha-Pinene | beta-Pinene | p-Mentha-1,3-diene","Citral | Eucalyptol | alpha-Pinene | beta-Pinene | p-Mentha-1,3-diene",Warning,Warning,True,exclamation,exclamation,True,"EN 15494 candle pictograms, product type, business name/address/phone checked in rendered label",warning + blocked,Your label needs more space.Choose a larger size to keep all required information clearly readable.Smallest tested size for your current content: 77×54mm (recta,"blocked, no download charged",warning + blocked,Your label needs more space.Choose a larger size to keep all required information clearly readable.Smallest tested size for your current content: 80×54mm (recta,"blocked, no download charged",80x54: fits,80x54: PNG+SVG+PDF,yes,all printed,1.22,REVIEW,PASS,REVIEW,FAIL,Owner decision (policy/review),"REVIEW: supplier P codes withheld by CLPeasy consumer-label policy: ['P272', 'P280', 'P363']; no notice shown to the customer (the builder has no exclusion-notice element)",qa-artifacts/sds-e2e/056/
057,Nikura,Mandarin Essential Oil,https://nikura.blob.core.windows.net/pdfs/CLP10_Mandarin_Essential_Oil_EO-MAN.pdf,285d915ce266449c9853e58c82e1eacbca6369c073b3c6846a909cb32b40cf0f,1 (27/06/2025),True,True,H317 H412 H316 H401 EUH208,H316 H317 H401 H412 EUH208,P261 P273 P302+P352 P333+P313 P501,P261 P272 P273 P280 P302+P352 P333+P313 P363 P501,alpha-Pinene | beta-Pinene,alpha-Pinene | beta-Pinene,Warning,Warning,True,exclamation,exclamation,True,"EN 15494 candle pictograms, product type, business name/address/phone checked in rendered label",BLOCKED (journey stopped before preview),,,BLOCKED (journey stopped before preview),,,,,n/a,n/a,,REVIEW,BLOCKED,SUPPLIER REVIEW,REVIEW,Supplier SDS,"SUPPLIER: supplier Section 2.2 uses GHS-only code(s) not in GB CLP: H316, H401 || SUPPLIER: builder correctly stops the journey on the non-GB code and asks for supplier clarification || REVIEW: supplier P codes withheld by CLPeasy consumer-label policy: ['P272', 'P280', 'P363']; no notice shown to the customer (the builder has no exclusion-notice element)",qa-artifacts/sds-e2e/057/
058,Nikura,Marjoram Spanish Wild Essential Oil,https://nikura.blob.core.windows.net/pdfs/CLP10_Marjoram_Spanish_Wild_Essential_Oil_EO-MAR.pdf,cfa9ecf296fa29c7fd3dac109834901f409d35a1851813d07c576bed02d64ce1,1 (01/11/2021),True,True,H317 H412 EUH208,H317 H412 EUH208,P261 P273 P302+P352 P333+P313 P501,P261 P272 P273 P280 P302+P352 P333+P313 P363 P501,alpha-Pinene | beta-Pinene | l-Limonene,alpha-Pinene | beta-Pinene | l-Limonene,Warning,Warning,True,exclamation,exclamation,True,"EN 15494 candle pictograms, product type, business name/address/phone checked in rendered label",warning + blocked,Your label needs more space.Choose a larger size to keep all required information clearly readable.Smallest tested size for your current content: 77×54mm (recta,"blocked, no download charged",warning + blocked,Your label needs more space.Choose a larger size to keep all required information clearly readable.Smallest tested size for your current content: 80×54mm (recta,"blocked, no download charged",80x54: fits,80x54: PNG+SVG+PDF,yes,all printed,1.22,REVIEW,PASS,REVIEW,REVIEW,Owner decision (policy/review),"REVIEW: supplier P codes withheld by CLPeasy consumer-label policy: ['P272', 'P280', 'P363']; no notice shown to the customer (the builder has no exclusion-notice element)",qa-artifacts/sds-e2e/058/
059,Nikura,Marjoram Sweet Essential Oil,https://nikura.blob.core.windows.net/pdfs/CLP10_Marjoram_Sweet_Essential_Oil_EO-MAJ.pdf,ab11f826b29c378607c24eacb5a402997bc91956013ccdcff7dadb9c60254abe,1 (05/06/2025),True,True,EUH208 EUH210,EUH208 EUH210,,,Linalool | beta-Caryophyllene,Linalool | beta-Caryophyllene,,,True,,,True,"EN 15494 candle pictograms, product type, business name/address/phone checked in rendered label",warning + blocked,Your label needs more space.Choose a larger size to keep all required information clearly readable.Smallest tested size for your current content: 69×48mm (recta,"blocked, no download charged",fits,none,not blocked,,76x51: PNG+SVG+PDF,yes,all printed,1.32,PASS,PASS,PASS,PASS (extraction only),,,qa-artifacts/sds-e2e/059/
060,Nikura,May Chang Litsea Cubeba Essential Oil,https://nikura.blob.core.windows.net/pdfs/CLP10_May_Chang_Litsea_Cubeba_Essential_Oil_EO-MAY.pdf,54cdcfb1ea4c7c013fcb0fa3af142ff878e02494634cacf1f3a350ac64415545,1 (27/12/2024),True,True,H317 EUH208,H317 EUH208,P261 P302+P352 P333+P313 P501,P261 P272 P280 P302+P352 P333+P313 P363 P501,Citronellal | Eucalyptol | Geraniol | Isocitral #3 | Linalool | alpha-Pinene | beta-Caryophyllene | beta-Pinene,Citronellal | Eucalyptol | Geraniol | Isocitral #3 | Linalool | alpha-Pinene | beta-Caryophyllene | beta-Pinene,Warning,Warning,True,exclamation,exclamation,True,"EN 15494 candle pictograms, product type, business name/address/phone checked in rendered label",warning + blocked,Your label needs more space.Choose a larger size to keep all required information clearly readable.Smallest tested size for your current content: 77×54mm (recta,"blocked, no download charged",warning + blocked,Your label needs more space.Choose a larger size to keep all required information clearly readable.Smallest tested size for your current content: 80×54mm (recta,"blocked, no download charged",80x54: fits,80x54: PNG+SVG+PDF,yes,all printed,1.22,REVIEW,PASS,REVIEW,FAIL,Owner decision (policy/review),"REVIEW: supplier P codes withheld by CLPeasy consumer-label policy: ['P272', 'P280', 'P363']; no notice shown to the customer (the builder has no exclusion-notice element)",qa-artifacts/sds-e2e/060/
061,Nikura,Melissa Egyptian Essential Oil,https://nikura.blob.core.windows.net/pdfs/CLP10_Melissa_Egyptian_Essential_Oil_EO-MEE.pdf,5368d426a4064dabeedde1ae5013d49edc25afc27a7bb9556e32a3ebc338f3f6,1 (21/11/2024),True,True,H317 H319 EUH208,H317 H319 EUH208,P261 P302+P352 P305+P351+P338 P333+P313 P337+P313 P501,P261 P264 P272 P280 P302+P352 P305+P351+P338 P333+P313 P337+P313 P363 P501,Citronellal | Geraniol | Linalool | dl-Citronellol,Citronellal | Geraniol | Linalool | dl-Citronellol,Warning,Warning,True,exclamation,exclamation,True,"EN 15494 candle pictograms, product type, business name/address/phone checked in rendered label",warning + blocked,Your label needs more space.Choose a larger size to keep all required information clearly readable.Smallest tested size for your current content: 83×58mm (recta,"blocked, no download charged",warning + blocked,Your label needs more space.Choose a larger size to keep all required information clearly readable.Smallest tested size for your current content: 85×57mm (recta,"blocked, no download charged",85x57: fits,85x57: PNG+SVG+PDF,yes,all printed,1.2,REVIEW,PASS,REVIEW,FAIL,Owner decision (policy/review),"REVIEW: supplier P codes withheld by CLPeasy consumer-label policy: ['P264', 'P272', 'P280', 'P363']; no notice shown to the customer (the builder has no exclusion-notice element) || REVIEW: recommended 85x57 rendered: P wording on label materially shorter than supplier: P305+P351+P338: supplier ""IF IN EYES: Rinse cautiously with water for several minutes. Remove contact lenses, if present and easy to do. Continue rinsing."" / label ""IF IN EYES: rinse cautiously with water for several minutes"" || NOTE: smallest font size 1.1998 mm = renderer floor 1.2 mm less 2-decimal SVG rounding",qa-artifacts/sds-e2e/061/
062,Nikura,Melissa Lemon Balm Essential Oil,https://nikura.blob.core.windows.net/pdfs/CLP10_Melissa_Lemon_Balm_Essential_Oil_EO-MEL.pdf,da79ccfa1456ca7160cde90fa88c2d0acfd9dbeb7aed7c3188914bf3e00814cd,1 (23/03/2026),True,True,H315 H317 H319 H402 EUH208,H315 H317 H319 H402 EUH208,P261 P302+P352 P305+P351+P338 P333+P313 P337+P313 P501,P261 P264 P272 P280 P302+P352 P305+P351+P338 P333+P313 P337+P313 P362 P501,Citronellal | Dipentene | Geraniol | Geranyl Acetate | Isoeugenol | Nerol,Citronellal | Dipentene | Geraniol | Geranyl acetate | Isoeugenol | Nerol,Warning,Warning,True,exclamation,exclamation,True,"EN 15494 candle pictograms, product type, business name/address/phone checked in rendered label",BLOCKED (journey stopped before preview),,,BLOCKED (journey stopped before preview),,,,,n/a,n/a,,REVIEW,BLOCKED,SUPPLIER REVIEW,FAIL,Supplier SDS,"SUPPLIER: supplier Section 2.2 uses GHS-only code(s) not in GB CLP: H402 || SUPPLIER: builder correctly stops the journey on the non-GB code and asks for supplier clarification || REVIEW: supplier P codes withheld by CLPeasy consumer-label policy: ['P264', 'P272', 'P280', 'P362']; no notice shown to the customer (the builder has no exclusion-notice element)",qa-artifacts/sds-e2e/062/
063,Nikura,Myrrh Thick Essential Oil,https://nikura.blob.core.windows.net/pdfs/CLP10_Myrrh_Thick_Essential_Oil_EO-MYRTHICK.pdf,e40514b6a4b7706ddca8035ecc57e3b8457c587895c6e51dd87b78d1d0a9b4d3,1 (13/06/2025),True,True,,,,,,,,,True,,,True,"EN 15494 candle pictograms, product type, business name/address/phone checked in rendered label",BLOCKED (journey stopped before preview),,,BLOCKED (journey stopped before preview),,,,,n/a,n/a,,REVIEW,BLOCKED,REVIEW,PASS (extraction only),Owner decision (policy/review),"REVIEW: supplier SDS states no classification (Signal word/Hazard statements: None); builder cannot continue past Step 3 (""Please extract hazard data…"") — no label can be produced for an unclassified mixture",qa-artifacts/sds-e2e/063/
064,Nikura,Myrrh Thin Essential Oil,https://nikura.blob.core.windows.net/pdfs/CLP10_Myrrh_Thin_Essential_Oil_EO-MYRRH.pdf,cd9b6004e8955c505c69ed7e0757a88803e7cd792e029507e32c0c5a519c67c9,1 (13/06/2025),True,True,,,,,,,,,True,,,True,"EN 15494 candle pictograms, product type, business name/address/phone checked in rendered label",BLOCKED (journey stopped before preview),,,BLOCKED (journey stopped before preview),,,,,n/a,n/a,,REVIEW,BLOCKED,REVIEW,PASS (extraction only),Owner decision (policy/review),"REVIEW: supplier SDS states no classification (Signal word/Hazard statements: None); builder cannot continue past Step 3 (""Please extract hazard data…"") — no label can be produced for an unclassified mixture",qa-artifacts/sds-e2e/064/
065,Nikura,Myrtle Essential Oil,https://nikura.blob.core.windows.net/pdfs/CLP10_Myrtle_Essential_Oil_EO-MYR.pdf,1bd7fcf0081e35cd81df25050a8dc256e2c84f7cf853cc43cd1db51c1862ae6b,1 (01/11/2021),True,True,H317 H411 EUH208,H317 H411 EUH208,P261 P273 P302+P352 P333+P313 P391 P501,P261 P272 P273 P280 P302+P352 P333+P313 P363 P391 P501,Geranyl Acetate | Linalool | l-Limonene,Geranyl acetate | Linalool | l-Limonene,Warning,Warning,True,aquatic exclamation,aquatic exclamation,True,"EN 15494 candle pictograms, product type, business name/address/phone checked in rendered label",warning + blocked,Your label needs more space.Choose a larger size to keep all required information clearly readable.Smallest tested size for your current content: 77×54mm (recta,"blocked, no download charged",warning + blocked,Your label needs more space.Choose a larger size to keep all required information clearly readable.Smallest tested size for your current content: 80×54mm (recta,"blocked, no download charged",80x54: fits,80x54: PNG+SVG+PDF,yes,all printed,1.22,REVIEW,PASS,REVIEW,REVIEW,Owner decision (policy/review),"REVIEW: supplier P codes withheld by CLPeasy consumer-label policy: ['P272', 'P280', 'P363']; no notice shown to the customer (the builder has no exclusion-notice element)",qa-artifacts/sds-e2e/065/
066,Nikura,Neroli Commercial Essential Oil,https://nikura.blob.core.windows.net/pdfs/CLP10_Neroli_Commercial_Essential_Oil_EO-NERC.pdf,bf1984fe6aff872c001ac84bbdbcd0a16be56493179c681e088ce95804fb7bd4,1 (17/09/2025),True,True,H317 H412 H401 EUH208,H317 H401 H412 EUH208,P261 P273 P302+P352 P333+P313 P501,P261 P272 P273 P280 P302+P352 P333+P313 P363 P501,Caryophyllene | Geraniol | Geranyl Acetate | Neryl acetate | a-Pinene,Caryophyllene | Geraniol | Geranyl acetate | Neryl acetate | a-Pinene,Warning,Warning,True,exclamation,exclamation,True,"EN 15494 candle pictograms, product type, business name/address/phone checked in rendered label",BLOCKED (journey stopped before preview),,,BLOCKED (journey stopped before preview),,,,,n/a,n/a,,REVIEW,BLOCKED,SUPPLIER REVIEW,FAIL,Supplier SDS,"SUPPLIER: supplier Section 2.2 uses GHS-only code(s) not in GB CLP: H401 || SUPPLIER: builder correctly stops the journey on the non-GB code and asks for supplier clarification || REVIEW: supplier P codes withheld by CLPeasy consumer-label policy: ['P272', 'P280', 'P363']; no notice shown to the customer (the builder has no exclusion-notice element)",qa-artifacts/sds-e2e/066/
067,Nikura,Neroli Egyptian Essential Oil,https://nikura.blob.core.windows.net/pdfs/CLP10_Neroli_Egyptian_Essential_Oil_EO-NEE.pdf,4437abb6926f35a8dfab1e370ef4f3983428bd5d09cfd6e61e35111f2362828e,1 (21/11/2024),True,True,H317 H319 H412 EUH208,H317 H319 H412 EUH208,P261 P273 P302+P352 P305+P351+P338 P333+P313 P337+P313 P501,P261 P264 P272 P273 P280 P302+P352 P305+P351+P338 P333+P313 P337+P313 P363 P501,Citral | Geraniol | Geranyl Acetate | alpha-Pinene | beta-Pinene | trans-Nerolidol,Citral | Geraniol | Geranyl acetate | alpha-Pinene | beta-Pinene | trans-Nerolidol,Warning,Warning,True,exclamation,exclamation,True,"EN 15494 candle pictograms, product type, business name/address/phone checked in rendered label",warning + blocked,Your label needs more space.Choose a larger size to keep all required information clearly readable.Smallest tested size for your current content: 83×58mm (recta,"blocked, no download charged",warning + blocked,Your label needs more space.Choose a larger size to keep all required information clearly readable.Smallest tested size for your current content: 88×59mm (recta,"blocked, no download charged",88x59: fits,88x59: PNG+SVG+PDF,yes,all printed,1.2,REVIEW,PASS,REVIEW,FAIL,Owner decision (policy/review),"REVIEW: supplier P codes withheld by CLPeasy consumer-label policy: ['P264', 'P272', 'P280', 'P363']; no notice shown to the customer (the builder has no exclusion-notice element) || REVIEW: recommended 88x59 rendered: P wording on label materially shorter than supplier: P305+P351+P338: supplier ""IF IN EYES: Rinse cautiously with water for several minutes. Remove contact lenses, if present and easy to do. Continue rinsing."" / label ""IF IN EYES: rinse cautiously with water for several minutes""",qa-artifacts/sds-e2e/067/
068,Nikura,Niaouli Essential Oil,https://nikura.blob.core.windows.net/pdfs/CLP10_Niaouli_Essential_Oil_EO-NIA.pdf,b9e3535f640719b380bdc57eaa7ddc71ed69f2d8d2a249fc7c5c3b501b6b0e45,1 (01/11/2021),True,True,H317 H412 EUH208,H317 H412 EUH208,P261 P273 P302+P352 P333+P313 P501,P261 P272 P273 P280 P302+P352 P333+P313 P363 P501,Nikura | Niaouli Essential Oil - 100% Pure | Terpinolene | alpha-Pinene | beta-Pinene,Nikura | Niaouli Essential Oil - 100% Pure | Terpinolene | alpha-Pinene | beta-Pinene,Warning,Warning,True,exclamation,exclamation,True,"EN 15494 candle pictograms, product type, business name/address/phone checked in rendered label",warning + blocked,Your label needs more space.Choose a larger size to keep all required information clearly readable.Smallest tested size for your current content: 77×54mm (recta,"blocked, no download charged",warning + blocked,Your label needs more space.Choose a larger size to keep all required information clearly readable.Smallest tested size for your current content: 80×54mm (recta,"blocked, no download charged",80x54: fits,80x54: PNG+SVG+PDF,yes,all printed,1.22,REVIEW,PASS,SUPPLIER REVIEW,FAIL,Supplier SDS,"SUPPLIER: supplier EUH208 lists a product name as a substance: ['Nikura | Niaouli Essential Oil - 100% Pure'] || REVIEW: supplier P codes withheld by CLPeasy consumer-label policy: ['P272', 'P280', 'P363']; no notice shown to the customer (the builder has no exclusion-notice element)",qa-artifacts/sds-e2e/068/
069,Nikura,Nutmeg Essential Oil,https://nikura.blob.core.windows.net/pdfs/CLP10_Nutmeg_Essential_Oil_EO-NUT.pdf,35952b9bcaf84461a268fa63096a1cd8ac5e9cb01a690dafa8cc30e3fc494fc8,1 (01/11/2021),True,True,H317 H411 EUH208,H317 H411 EUH208,P261 P273 P302+P352 P333+P313 P391 P501,P261 P272 P273 P280 P302+P352 P333+P313 P363 P391 P501,Isoeugenol | Terpinolene | d-Limonene | delta-3-Carene,Isoeugenol | Terpinolene | d-Limonene | delta-3-Carene,Warning,Warning,True,aquatic exclamation,aquatic exclamation,True,"EN 15494 candle pictograms, product type, business name/address/phone checked in rendered label",warning + blocked,Your label needs more space.Choose a larger size to keep all required information clearly readable.Smallest tested size for your current content: 77×54mm (recta,"blocked, no download charged",warning + blocked,Your label needs more space.Choose a larger size to keep all required information clearly readable.Smallest tested size for your current content: 80×54mm (recta,"blocked, no download charged",80x54: fits,80x54: PNG+SVG+PDF,yes,all printed,1.22,REVIEW,PASS,REVIEW,FAIL,Owner decision (policy/review),"REVIEW: supplier P codes withheld by CLPeasy consumer-label policy: ['P272', 'P280', 'P363']; no notice shown to the customer (the builder has no exclusion-notice element)",qa-artifacts/sds-e2e/069/
070,Nikura,Orange Bitter Essential Oil,https://nikura.blob.core.windows.net/pdfs/CLP10_Orange_Bitter_Essential_Oil_EO-ORA.pdf,9ed6d426ab0fa398d1551989f10b3a7b4598969fe990167e9ef421e7361d6b86,1 (12/08/2025),True,True,H317 H401,H317 H401,P261 P302+P352 P333+P313 P501,P261 P272 P280 P302+P352 P333+P313 P363 P501,,,Warning,Warning,True,exclamation,exclamation,True,"EN 15494 candle pictograms, product type, business name/address/phone checked in rendered label",BLOCKED (journey stopped before preview),,,BLOCKED (journey stopped before preview),,,,,n/a,n/a,,REVIEW,BLOCKED,SUPPLIER REVIEW,REVIEW,Supplier SDS,"SUPPLIER: supplier Section 2.2 uses GHS-only code(s) not in GB CLP: H401 || SUPPLIER: builder correctly stops the journey on the non-GB code and asks for supplier clarification || REVIEW: supplier P codes withheld by CLPeasy consumer-label policy: ['P272', 'P280', 'P363']; no notice shown to the customer (the builder has no exclusion-notice element)",qa-artifacts/sds-e2e/070/
071,Nikura,Orange Sweet Essential Oil,https://nikura.blob.core.windows.net/pdfs/CLP10_Orange_Sweet_Essential_Oil_EO-SWE.pdf,cee8a4a75c80e462daf33cf6e72eb45b412f4ee707bfda218970b24cc03e2b2e,1 (12/08/2025),True,True,H317 H401 EUH208,H317 H401 EUH208,P261 P302+P352 P333+P313 P501,P261 P272 P280 P302+P352 P333+P313 P363 P501,"Carvone | Caryophyllene | Citral | Citronellal | Dodecanal | Geraniol | Nerol | p-Mentha-1,8-dien-7-al","Carvone | Caryophyllene | Citral | Citronellal | Dodecanal | Geraniol | Nerol | p-Mentha-1,8-dien-7-al",Warning,Warning,True,exclamation,exclamation,True,"EN 15494 candle pictograms, product type, business name/address/phone checked in rendered label",BLOCKED (journey stopped before preview),,,BLOCKED (journey stopped before preview),,,,,n/a,n/a,,REVIEW,BLOCKED,SUPPLIER REVIEW,FAIL,Supplier SDS,"SUPPLIER: supplier Section 2.2 uses GHS-only code(s) not in GB CLP: H401 || SUPPLIER: builder correctly stops the journey on the non-GB code and asks for supplier clarification || REVIEW: supplier P codes withheld by CLPeasy consumer-label policy: ['P272', 'P280', 'P363']; no notice shown to the customer (the builder has no exclusion-notice element)",qa-artifacts/sds-e2e/071/
072,Nikura,Oregano Essential Oil,https://nikura.blob.core.windows.net/pdfs/CLP10_Oregano_Essential_Oil_EO-ORE.pdf,a927b3fef9a48d3a33d8a85be1cff57d1e7b937b8d4b4b14b73105874a4f25a7,1 (12/08/2025),True,True,H317 H402 EUH208,H317 H402 EUH208,P261 P302+P352 P333+P313 P501,P261 P272 P280 P302+P352 P333+P313 P363 P501,"Caryophyllene | a-Pinene | p-Mentha-1,3-diene","Caryophyllene | a-Pinene | p-Mentha-1,3-diene",Warning,Warning,True,exclamation,exclamation,True,"EN 15494 candle pictograms, product type, business name/address/phone checked in rendered label",BLOCKED (journey stopped before preview),,,BLOCKED (journey stopped before preview),,,,,n/a,n/a,,REVIEW,BLOCKED,SUPPLIER REVIEW,FAIL,Supplier SDS,"SUPPLIER: supplier Section 2.2 uses GHS-only code(s) not in GB CLP: H402 || SUPPLIER: builder correctly stops the journey on the non-GB code and asks for supplier clarification || REVIEW: supplier P codes withheld by CLPeasy consumer-label policy: ['P272', 'P280', 'P363']; no notice shown to the customer (the builder has no exclusion-notice element)",qa-artifacts/sds-e2e/072/
073,Nikura,Palmarosa Essential Oil,https://nikura.blob.core.windows.net/pdfs/CLP10_Palmarosa_Essential_Oil_EO-PAL.pdf,0f508340c80a274aac1d07ae536479c6ffb13eb67df0ee81ec852e5cf9c7ee15,1 (01/11/2021),True,True,H317 H318 EUH208,H317 H318 EUH208,P261 P302+P352 P305+P351+P338 P310 P333+P313 P501,P261 P272 P280 P302+P352 P305+P351+P338 P310 P333+P313 P363 P501,Geranyl Acetate | Linalool | beta-Caryophyllene,Geranyl acetate | Linalool | beta-Caryophyllene,Danger,Danger,True,corrosive exclamation,corrosive exclamation,True,"EN 15494 candle pictograms, product type, business name/address/phone checked in rendered label",BLOCKED (journey stopped before preview),,,BLOCKED (journey stopped before preview),,,,,n/a,n/a,,FAIL,BLOCKED,FAIL,FAIL,CLPeasy Smart Paste / code library,"FAIL: builder rejects valid CLP P statement(s) ['P310'] and blocks the journey (""CLP code not recognised"") || REVIEW: supplier P codes withheld by CLPeasy consumer-label policy: ['P272', 'P280', 'P363']; no notice shown to the customer (the builder has no exclusion-notice element)",qa-artifacts/sds-e2e/073/
074,Nikura,Parsley Seed Essential Oil,https://nikura.blob.core.windows.net/pdfs/CLP10_Parsley_Seed_Essential_Oil_EO-PAR.pdf,40937ce07f188d7112626e3f5dd903bbd129a0184718c6e7ff98892303776d51,1 (01/11/2021),True,True,H317 H412 EUH208,H317 H412 EUH208,P261 P273 P302+P352 P333+P313 P501,P261 P272 P273 P280 P302+P352 P333+P313 P363 P501,beta-Pinene,beta-Pinene,Warning,Warning,True,exclamation,exclamation,True,"EN 15494 candle pictograms, product type, business name/address/phone checked in rendered label",warning + blocked,Your label needs more space.Choose a larger size to keep all required information clearly readable.Smallest tested size for your current content: 77×54mm (recta,"blocked, no download charged",warning + blocked,Your label needs more space.Choose a larger size to keep all required information clearly readable.Smallest tested size for your current content: 80×54mm (recta,"blocked, no download charged",80x54: fits,80x54: PNG+SVG+PDF,yes,all printed,1.22,REVIEW,PASS,REVIEW,REVIEW,Owner decision (policy/review),"REVIEW: supplier P codes withheld by CLPeasy consumer-label policy: ['P272', 'P280', 'P363']; no notice shown to the customer (the builder has no exclusion-notice element)",qa-artifacts/sds-e2e/074/
075,Nikura,Patchouli Indian Essential Oil,https://nikura.blob.core.windows.net/pdfs/CLP10_Patchouli_Indian_Essential_Oil_EO-PAT.pdf,29c33f4b22141afcd2f3966e1b98cb0b3bf6575d695899f9d5d77b8bf0de9c82,1 (01/11/2021),True,True,H412 EUH208,H412 EUH208,P273 P501,P273 P501,beta-Caryophyllene,beta-Caryophyllene,,,True,,,True,"EN 15494 candle pictograms, product type, business name/address/phone checked in rendered label",warning + blocked,Your label needs more space.Choose a larger size to keep all required information clearly readable.Smallest tested size for your current content: 70×49mm (recta,"blocked, no download charged",fits,none,not blocked,,76x51: PNG+SVG+PDF,yes,all printed,1.2,PASS,PASS,PASS,PASS (extraction only),,,qa-artifacts/sds-e2e/075/
076,Nikura,Patchouli Indonesian Essential Oil,https://nikura.blob.core.windows.net/pdfs/CLP10_Patchouli_Indonesian_Essential_Oil_EO-PAI.pdf,7a7910cd2ea9ac8ce87b92450456ea4addf3e92cec97f6a067d781efa81bd9e8,1 (13/06/2025),True,True,H412 EUH208,H412 EUH208,P273 P501,P273 P501,beta-Caryophyllene,beta-Caryophyllene,,,True,,,True,"EN 15494 candle pictograms, product type, business name/address/phone checked in rendered label",warning + blocked,Your label needs more space.Choose a larger size to keep all required information clearly readable.Smallest tested size for your current content: 70×49mm (recta,"blocked, no download charged",fits,none,not blocked,,76x51: PNG+SVG+PDF,yes,all printed,1.2,PASS,PASS,PASS,PASS (extraction only),,,qa-artifacts/sds-e2e/076/
077,Nikura,Peppermint Mentha Arvensis Essential Oil,https://nikura.blob.core.windows.net/pdfs/CLP10_Peppermint_Mentha_Arvensis_Essential_Oil_EO-PEA.pdf,5d1a0b8cab61288308a72de0f3806099afc2e8f1bc9c67f9427ee2f2eeb4dc03,1 (19/06/2025),True,True,H317 H412 EUH208,H317 H412 EUH208,P261 P273 P302+P352 P333+P313 P501,P261 P272 P273 P280 P302+P352 P333+P313 P363 P501,"alpha-Pinene | beta-Pinene | d,l-Isomenthone | l-Limonene","alpha-Pinene | beta-Pinene | d,l-Isomenthone | l-Limonene",Warning,Warning,True,exclamation,exclamation,True,"EN 15494 candle pictograms, product type, business name/address/phone checked in rendered label",warning + blocked,Your label needs more space.Choose a larger size to keep all required information clearly readable.Smallest tested size for your current content: 77×54mm (recta,"blocked, no download charged",warning + blocked,Your label needs more space.Choose a larger size to keep all required information clearly readable.Smallest tested size for your current content: 80×54mm (recta,"blocked, no download charged",80x54: fits,80x54: PNG+SVG+PDF,yes,all printed,1.22,REVIEW,PASS,REVIEW,FAIL,Owner decision (policy/review),"REVIEW: supplier P codes withheld by CLPeasy consumer-label policy: ['P272', 'P280', 'P363']; no notice shown to the customer (the builder has no exclusion-notice element)",qa-artifacts/sds-e2e/077/
078,Nikura,Peppermint Piperita Essential Oil,https://nikura.blob.core.windows.net/pdfs/CLP10_Peppermint_Piperita_Essential_Oil_EO-PEP.pdf,9b9d0f689f74cb93f227af99441c71e2a444c20ee5633864e8a59c18c31acb05,1 (06/02/2026),True,True,H317 H402 EUH208,H317 H402 EUH208,P261 P302+P352 P333+P313 P501,P261 P272 P280 P302+P352 P333+P313 P363 P501,Caryophyllene | Eucalyptol | Isomenthone | l-Limonene,Caryophyllene | Eucalyptol | Isomenthone | l-Limonene,Warning,Warning,True,exclamation,exclamation,True,"EN 15494 candle pictograms, product type, business name/address/phone checked in rendered label",BLOCKED (journey stopped before preview),,,BLOCKED (journey stopped before preview),,,,,n/a,n/a,,REVIEW,BLOCKED,SUPPLIER REVIEW,FAIL,Supplier SDS,"SUPPLIER: supplier Section 2.2 uses GHS-only code(s) not in GB CLP: H402 || SUPPLIER: builder correctly stops the journey on the non-GB code and asks for supplier clarification || REVIEW: supplier P codes withheld by CLPeasy consumer-label policy: ['P272', 'P280', 'P363']; no notice shown to the customer (the builder has no exclusion-notice element)",qa-artifacts/sds-e2e/078/
079,Nikura,Petitgrain Essential Oil,https://nikura.blob.core.windows.net/pdfs/CLP10_Petitgrain_Essential_Oil_EO-PET.pdf,a58076f9b793eb901ab8c340d23a916d5f584b2e3bf4179811f66756d4582970,1 (19/06/2025),True,True,H317 EUH208,H317 EUH208,P261 P302+P352 P333+P313 P501,P261 P272 P280 P302+P352 P333+P313 P363 P501,Geranyl Acetate | Neryl acetate | beta-Pinene | l-Limonene,Geranyl acetate | Neryl acetate | beta-Pinene | l-Limonene,Warning,Warning,True,exclamation,exclamation,True,"EN 15494 candle pictograms, product type, business name/address/phone checked in rendered label",warning + blocked,Your label needs more space.Choose a larger size to keep all required information clearly readable.Smallest tested size for your current content: 77×54mm (recta,"blocked, no download charged",warning + blocked,Your label needs more space.Choose a larger size to keep all required information clearly readable.Smallest tested size for your current content: 80×54mm (recta,"blocked, no download charged",80x54: fits,80x54: PNG+SVG+PDF,yes,all printed,1.22,REVIEW,PASS,REVIEW,FAIL,Owner decision (policy/review),"REVIEW: supplier P codes withheld by CLPeasy consumer-label policy: ['P272', 'P280', 'P363']; no notice shown to the customer (the builder has no exclusion-notice element)",qa-artifacts/sds-e2e/079/
080,Nikura,Pine Maritime Essential Oil,https://nikura.blob.core.windows.net/pdfs/CLP10_Pine_Maritime_Essential_Oil_EO-PINM.pdf,8a3a5e23512fa9e1ae4a1399afda3be540cf1c66605eda370b805b6de1a219b3,1 (01/11/2021),True,True,H317 H411 EUH208,H317 H411 EUH208,P261 P273 P302+P352 P333+P313 P391 P501,P261 P272 P273 P280 P302+P352 P333+P313 P363 P391 P501,beta-Caryophyllene,beta-Caryophyllene,Warning,Warning,True,aquatic exclamation,aquatic exclamation,True,"EN 15494 candle pictograms, product type, business name/address/phone checked in rendered label",warning + blocked,Your label needs more space.Choose a larger size to keep all required information clearly readable.Smallest tested size for your current content: 77×54mm (recta,"blocked, no download charged",warning + blocked,Your label needs more space.Choose a larger size to keep all required information clearly readable.Smallest tested size for your current content: 80×54mm (recta,"blocked, no download charged",80x54: fits,80x54: PNG+SVG+PDF,yes,all printed,1.22,REVIEW,PASS,REVIEW,REVIEW,Owner decision (policy/review),"REVIEW: supplier P codes withheld by CLPeasy consumer-label policy: ['P272', 'P280', 'P363']; no notice shown to the customer (the builder has no exclusion-notice element)",qa-artifacts/sds-e2e/080/
081,Nikura,Pine Needle Essential Oil,https://nikura.blob.core.windows.net/pdfs/CLP10_Pine_Needle_Essential_Oil_EO-PINS.pdf,6babf25b4319292e5132ad71bd6402c42b944bca6d18ab9b6c88c03c10de9dd5,1 (12/08/2025),True,True,H317 H411 EUH208,H317 H411 EUH208,P261 P273 P302+P352 P333+P313 P391 P501,P261 P272 P273 P280 P302+P352 P333+P313 P363 P391 P501,Caryophyllene,Caryophyllene,Warning,Warning,True,aquatic exclamation,aquatic exclamation,True,"EN 15494 candle pictograms, product type, business name/address/phone checked in rendered label",warning + blocked,Your label needs more space.Choose a larger size to keep all required information clearly readable.Smallest tested size for your current content: 77×54mm (recta,"blocked, no download charged",warning + blocked,Your label needs more space.Choose a larger size to keep all required information clearly readable.Smallest tested size for your current content: 80×54mm (recta,"blocked, no download charged",80x54: fits,80x54: PNG+SVG+PDF,yes,all printed,1.22,REVIEW,PASS,REVIEW,REVIEW,Owner decision (policy/review),"REVIEW: supplier P codes withheld by CLPeasy consumer-label policy: ['P272', 'P280', 'P363']; no notice shown to the customer (the builder has no exclusion-notice element)",qa-artifacts/sds-e2e/081/
082,Nikura,Pink Pepper Essential Oil,https://nikura.blob.core.windows.net/pdfs/CLP10_Pink_Pepper_Essential_Oil_EO-PIN.pdf,34bbd4b20f1ecb6ca901b0c4132445ec3baeef1618d80bd28db0954dd8ed9916,1 (12/08/2025),True,True,H317 H411 EUH208,H317 H411 EUH208,P261 P273 P302+P352 P333+P313 P391 P501,P261 P272 P273 P280 P302+P352 P333+P313 P363 P391 P501,Caryophyllene | a-Pinene | beta-Pinene,Caryophyllene | a-Pinene | beta-Pinene,Warning,Warning,True,aquatic exclamation,aquatic exclamation,True,"EN 15494 candle pictograms, product type, business name/address/phone checked in rendered label",warning + blocked,Your label needs more space.Choose a larger size to keep all required information clearly readable.Smallest tested size for your current content: 77×54mm (recta,"blocked, no download charged",warning + blocked,Your label needs more space.Choose a larger size to keep all required information clearly readable.Smallest tested size for your current content: 80×54mm (recta,"blocked, no download charged",80x54: fits,80x54: PNG+SVG+PDF,yes,all printed,1.22,REVIEW,PASS,REVIEW,REVIEW,Owner decision (policy/review),"REVIEW: supplier P codes withheld by CLPeasy consumer-label policy: ['P272', 'P280', 'P363']; no notice shown to the customer (the builder has no exclusion-notice element)",qa-artifacts/sds-e2e/082/
083,Nikura,Ravensara Essential Oil,https://nikura.blob.core.windows.net/pdfs/CLP10_Ravensara_Essential_Oil_EO-RAV.pdf,8158b8d2706ea356d4bf55e9147a22300a6ca455f4756663f0a2a4f652cc4a22,1 (01/11/2021),True,True,H317 H412 EUH208,H317 H412 EUH208,P261 P273 P302+P352 P333+P313 P501,P261 P272 P273 P280 P302+P352 P333+P313 P363 P501,Estragole | Eucalyptol | Linalool | alpha-Pinene | beta-Pinene | delta-3-Carene,Estragole | Eucalyptol | Linalool | alpha-Pinene | beta-Pinene | delta-3-Carene,Warning,Warning,True,exclamation,exclamation,True,"EN 15494 candle pictograms, product type, business name/address/phone checked in rendered label",warning + blocked,Your label needs more space.Choose a larger size to keep all required information clearly readable.Smallest tested size for your current content: 77×54mm (recta,"blocked, no download charged",warning + blocked,Your label needs more space.Choose a larger size to keep all required information clearly readable.Smallest tested size for your current content: 80×54mm (recta,"blocked, no download charged",80x54: fits,80x54: PNG+SVG+PDF,yes,all printed,1.22,REVIEW,PASS,REVIEW,FAIL,Owner decision (policy/review),"REVIEW: supplier P codes withheld by CLPeasy consumer-label policy: ['P272', 'P280', 'P363']; no notice shown to the customer (the builder has no exclusion-notice element)",qa-artifacts/sds-e2e/083/
084,Nikura,Rose Geranium Essential Oil,https://nikura.blob.core.windows.net/pdfs/CLP10_Rose_Geranium_Essential_Oil_EO-RGER.pdf,90193f3bb975536e76f7c9290adc8e2b92981df37edb2c819886b70457a46cae,1 (25/08/2026),True,True,H317 H319 EUH208,H317 H319 EUH208,P261 P302+P352 P305+P351+P338 P333+P313 P337+P313 P501,P261 P264 P272 P280 P302+P352 P305+P351+P338 P333+P313 P337+P313 P363 P501,Citronellyl formate | Citronellyl tiglate | Geranyl formate | Geranyl propionate | Isomenthone | Menthone | Nerol,Citronellyl formate | Citronellyl tiglate | Geranyl formate | Geranyl propionate | Isomenthone | Menthone | Nerol,Warning,Warning,True,exclamation,exclamation,True,"EN 15494 candle pictograms, product type, business name/address/phone checked in rendered label",warning + blocked,Your label needs more space.Choose a larger size to keep all required information clearly readable.Smallest tested size for your current content: 83×58mm (recta,"blocked, no download charged",warning + blocked,Your label needs more space.Choose a larger size to keep all required information clearly readable.Smallest tested size for your current content: 85×57mm (recta,"blocked, no download charged",85x57: fits,85x57: PNG+SVG+PDF,yes,all printed,1.2,REVIEW,PASS,REVIEW,FAIL,Owner decision (policy/review),"REVIEW: supplier P codes withheld by CLPeasy consumer-label policy: ['P264', 'P272', 'P280', 'P363']; no notice shown to the customer (the builder has no exclusion-notice element) || REVIEW: recommended 85x57 rendered: P wording on label materially shorter than supplier: P305+P351+P338: supplier ""IF IN EYES: Rinse cautiously with water for several minutes. Remove contact lenses, if present and easy to do. Continue rinsing."" / label ""IF IN EYES: rinse cautiously with water for several minutes"" || NOTE: smallest font size 1.1998 mm = renderer floor 1.2 mm less 2-decimal SVG rounding",qa-artifacts/sds-e2e/084/
085,Nikura,Rosemary Tunisian Essential Oil,https://nikura.blob.core.windows.net/pdfs/CLP10_Rosemary_Tunisian_Essential_Oil_EO-ROT.pdf,d781249e105413906ea596c89f4038871b399672cbfecd872f8238d2dc64692d,1 (17/09/2025),True,True,H317 H319 H411 EUH208,H317 H319 H411 EUH208,P261 P273 P302+P352 P305+P351+P338 P333+P313 P337+P313 P391 P501,P261 P264 P272 P273 P280 P302+P352 P305+P351+P338 P333+P313 P337+P313 P363 P391 P501,Caryophyllene | Eugenol | Linalool | l-Limonene,Caryophyllene | Eugenol | Linalool | l-Limonene,Warning,Warning,True,aquatic exclamation,aquatic exclamation,True,"EN 15494 candle pictograms, product type, business name/address/phone checked in rendered label",warning + blocked,Your label needs more space.Choose a larger size to keep all required information clearly readable.Smallest tested size for your current content: 83×58mm (recta,"blocked, no download charged",warning + blocked,Your label needs more space.Choose a larger size to keep all required information clearly readable.Smallest tested size for your current content: 88×59mm (recta,"blocked, no download charged",88x59: fits,88x59: PNG+SVG+PDF,yes,all printed,1.2,REVIEW,PASS,REVIEW,FAIL,Owner decision (policy/review),"REVIEW: supplier P codes withheld by CLPeasy consumer-label policy: ['P264', 'P272', 'P280', 'P363']; no notice shown to the customer (the builder has no exclusion-notice element) || REVIEW: recommended 88x59 rendered: P wording on label materially shorter than supplier: P305+P351+P338: supplier ""IF IN EYES: Rinse cautiously with water for several minutes. Remove contact lenses, if present and easy to do. Continue rinsing."" / label ""IF IN EYES: rinse cautiously with water for several minutes""",qa-artifacts/sds-e2e/085/
086,Nikura,Rosemary Essential Oil,https://nikura.blob.core.windows.net/pdfs/CLP10_Rosemary_Essential_Oil_EO-ROR.pdf,04ac6e7f8eaf38f4cefa6c68e43254831124ff281dd028ee6bce192d1fa2364e,1 (12/08/2025),True,True,H319 H402 EUH208,H319 H402 EUH208,P305+P351+P338 P337+P313,P264 P280 P305+P351+P338 P337+P313,d-Limonene | l-Limonene,d-Limonene | l-Limonene,Warning,Warning,True,exclamation,exclamation,True,"EN 15494 candle pictograms, product type, business name/address/phone checked in rendered label",BLOCKED (journey stopped before preview),,,BLOCKED (journey stopped before preview),,,,,n/a,n/a,,REVIEW,BLOCKED,SUPPLIER REVIEW,REVIEW,Supplier SDS,"SUPPLIER: supplier Section 2.2 uses GHS-only code(s) not in GB CLP: H402 || SUPPLIER: builder correctly stops the journey on the non-GB code and asks for supplier clarification || REVIEW: supplier P codes withheld by CLPeasy consumer-label policy: ['P264', 'P280']; no notice shown to the customer (the builder has no exclusion-notice element)",qa-artifacts/sds-e2e/086/
087,Nikura,Rosewood Essential Oil,https://nikura.blob.core.windows.net/pdfs/CLP10_Rosewood_Essential_Oil_EO-ROS.pdf,4d7991082fc2de7b1db6a1cba4640c22b01603d9d11324396eba668d0dc4d14d,1 (23/06/2025),True,True,H317 H319 H412 EUH208,H317 H319 H412 EUH208,P261 P273 P302+P352 P305+P351+P338 P333+P313 P337+P313 P501,P261 P264 P272 P273 P280 P302+P352 P305+P351+P338 P333+P313 P337+P313 P363 P501,Eucalyptol | Geraniol | Geranyl Acetate | alpha-Pinene | beta-Pinene | d-Limonene,Eucalyptol | Geraniol | Geranyl acetate | alpha-Pinene | beta-Pinene | d-Limonene,Warning,Warning,True,exclamation,exclamation,True,"EN 15494 candle pictograms, product type, business name/address/phone checked in rendered label",warning + blocked,Your label needs more space.Choose a larger size to keep all required information clearly readable.Smallest tested size for your current content: 83×58mm (recta,"blocked, no download charged",warning + blocked,Your label needs more space.Choose a larger size to keep all required information clearly readable.Smallest tested size for your current content: 88×59mm (recta,"blocked, no download charged",88x59: fits,88x59: PNG+SVG+PDF,yes,all printed,1.2,REVIEW,PASS,REVIEW,FAIL,Owner decision (policy/review),"REVIEW: supplier P codes withheld by CLPeasy consumer-label policy: ['P264', 'P272', 'P280', 'P363']; no notice shown to the customer (the builder has no exclusion-notice element) || REVIEW: recommended 88x59 rendered: P wording on label materially shorter than supplier: P305+P351+P338: supplier ""IF IN EYES: Rinse cautiously with water for several minutes. Remove contact lenses, if present and easy to do. Continue rinsing."" / label ""IF IN EYES: rinse cautiously with water for several minutes""",qa-artifacts/sds-e2e/087/
088,Nikura,Sage Essential Oil,https://nikura.blob.core.windows.net/pdfs/CLP10_Sage_Essential_Oil_EO-SAG.pdf,d22882148d06f95fbc14553271ba0fadd426e29da19155dd15bfb73f057766d1,1 (23/06/2025),True,True,H319 H412 EUH208,H319 H412 EUH208,P273 P305+P351+P338 P337+P313 P501,P264 P273 P280 P305+P351+P338 P337+P313 P501,Eucalyptol | Terpinen-4-ol | alpha-Pinene | beta-Caryophyllene | beta-Pinene | l-Limonene,Eucalyptol | Terpinen-4-ol | alpha-Pinene | beta-Caryophyllene | beta-Pinene | l-Limonene,Warning,Warning,True,exclamation,exclamation,True,"EN 15494 candle pictograms, product type, business name/address/phone checked in rendered label",warning + blocked,Your label needs more space.Choose a larger size to keep all required information clearly readable.Smallest tested size for your current content: 77×54mm (recta,"blocked, no download charged",warning + blocked,Your label needs more space.Choose a larger size to keep all required information clearly readable.Smallest tested size for your current content: 80×54mm (recta,"blocked, no download charged",80x54: fits,80x54: PNG+SVG+PDF,yes,all printed,1.22,REVIEW,PASS,REVIEW,FAIL,Owner decision (policy/review),"REVIEW: supplier P codes withheld by CLPeasy consumer-label policy: ['P264', 'P280']; no notice shown to the customer (the builder has no exclusion-notice element) || REVIEW: recommended 80x54 rendered: P wording on label materially shorter than supplier: P305+P351+P338: supplier ""IF IN EYES: Rinse cautiously with water for several minutes. Remove contact lenses, if present and easy to do. Continue rinsing."" / label ""IF IN EYES: rinse cautiously with water for several minutes""",qa-artifacts/sds-e2e/088/
089,Nikura,Sage Dalmatian Essential Oil,https://nikura.blob.core.windows.net/pdfs/CLP10_Sage_Dalmatian_Essential_Oil_EO-SAD.pdf,0b6cfe26b03e1e752b2b6e0e2c2875c90f9d501830d64223e60c011b2f8ef4dd,1 (17/09/2025),True,True,H317 H319 H411 EUH208,H317 H319 H411 EUH208,P261 P273 P302+P352 P305+P351+P338 P333+P313 P337+P313 P391 P501,P261 P264 P272 P273 P280 P302+P352 P305+P351+P338 P333+P313 P337+P313 P363 P391 P501,Linalool | Terpinen-4-ol | Terpinolene | a-Pinene | beta-Caryophyllene | beta-Pinene | l-Limonene,Linalool | Terpinen-4-ol | Terpinolene | a-Pinene | beta-Caryophyllene | beta-Pinene | l-Limonene,Warning,Warning,True,aquatic exclamation,aquatic exclamation,True,"EN 15494 candle pictograms, product type, business name/address/phone checked in rendered label",warning + blocked,Your label needs more space.Choose a larger size to keep all required information clearly readable.Smallest tested size for your current content: 83×58mm (recta,"blocked, no download charged",warning + blocked,Your label needs more space.Choose a larger size to keep all required information clearly readable.Smallest tested size for your current content: 88×59mm (recta,"blocked, no download charged",88x59: fits,88x59: PNG+SVG+PDF,yes,all printed,1.2,REVIEW,PASS,REVIEW,FAIL,Owner decision (policy/review),"REVIEW: supplier P codes withheld by CLPeasy consumer-label policy: ['P264', 'P272', 'P280', 'P363']; no notice shown to the customer (the builder has no exclusion-notice element) || REVIEW: recommended 88x59 rendered: P wording on label materially shorter than supplier: P305+P351+P338: supplier ""IF IN EYES: Rinse cautiously with water for several minutes. Remove contact lenses, if present and easy to do. Continue rinsing."" / label ""IF IN EYES: rinse cautiously with water for several minutes""",qa-artifacts/sds-e2e/089/
090,Nikura,Sandalwood Australian Essential Oil,https://nikura.blob.core.windows.net/pdfs/CLP10_Sandalwood_Australian_Essential_Oil_EO-SAU.pdf,03aa7fb9bc47a5dc298b20419807ea26827c4312ff25bbe190f9d587d4c86b03,1 (21/11/2024),True,True,H317 EUH208,H317 EUH208,P261 P302+P352 P333+P313 P501,P261 P272 P280 P302+P352 P333+P313 P363 P501,(E)-beta-Santalol,(E)-beta-Santalol,Warning,Warning,True,exclamation,exclamation,True,"EN 15494 candle pictograms, product type, business name/address/phone checked in rendered label",warning + blocked,Your label needs more space.Choose a larger size to keep all required information clearly readable.Smallest tested size for your current content: 77×54mm (recta,"blocked, no download charged",warning + blocked,Your label needs more space.Choose a larger size to keep all required information clearly readable.Smallest tested size for your current content: 80×54mm (recta,"blocked, no download charged",80x54: fits,80x54: PNG+SVG+PDF,yes,all printed,1.22,REVIEW,PASS,REVIEW,REVIEW,Owner decision (policy/review),"REVIEW: supplier P codes withheld by CLPeasy consumer-label policy: ['P272', 'P280', 'P363']; no notice shown to the customer (the builder has no exclusion-notice element)",qa-artifacts/sds-e2e/090/
091,Nikura,Spearmint Essential Oil,https://nikura.blob.core.windows.net/pdfs/CLP10_Spearmint_Essential_Oil_EO-SPE.pdf,4d31dfd7aaf0ff657f60bce83f9f283603dded8dde92619d7a22039e915797a9,1 (12/08/2025),True,True,H317 H402 EUH208,H317 H402 EUH208,P261 P302+P352 P333+P313 P501,P261 P272 P280 P302+P352 P333+P313 P363 P501,Caryophyllene | Eucalyptol,Caryophyllene | Eucalyptol,Warning,Warning,True,exclamation,exclamation,True,"EN 15494 candle pictograms, product type, business name/address/phone checked in rendered label",BLOCKED (journey stopped before preview),,,BLOCKED (journey stopped before preview),,,,,n/a,n/a,,REVIEW,BLOCKED,SUPPLIER REVIEW,REVIEW,Supplier SDS,"SUPPLIER: supplier Section 2.2 uses GHS-only code(s) not in GB CLP: H402 || SUPPLIER: builder correctly stops the journey on the non-GB code and asks for supplier clarification || REVIEW: supplier P codes withheld by CLPeasy consumer-label policy: ['P272', 'P280', 'P363']; no notice shown to the customer (the builder has no exclusion-notice element)",qa-artifacts/sds-e2e/091/
092,Nikura,Spike Lavender Essential Oil,https://nikura.blob.core.windows.net/pdfs/CLP10_Spike_Lavender_Essential_Oil_EO-SPIL.pdf,c1001cba2fe8b0c1bb06c6f105ac81e829665ad54de9920223ec0bb058e6332a,1 (01/11/2021),True,True,H317 H319 H412 EUH208,H317 H319 H412 EUH208,P261 P273 P302+P352 P305+P351+P338 P333+P313 P337+P313 P501,P261 P264 P272 P273 P280 P302+P352 P305+P351+P338 P333+P313 P337+P313 P363 P501,alpha-Pinene | beta-Caryophyllene | beta-Pinene | l-Limonene | trans-alpha-Bisabolene,alpha-Pinene | beta-Caryophyllene | beta-Pinene | l-Limonene | trans-alpha-Bisabolene,Warning,Warning,True,exclamation,exclamation,True,"EN 15494 candle pictograms, product type, business name/address/phone checked in rendered label",warning + blocked,Your label needs more space.Choose a larger size to keep all required information clearly readable.Smallest tested size for your current content: 83×58mm (recta,"blocked, no download charged",warning + blocked,Your label needs more space.Choose a larger size to keep all required information clearly readable.Smallest tested size for your current content: 88×59mm (recta,"blocked, no download charged",88x59: fits,88x59: PNG+SVG+PDF,yes,all printed,1.2,REVIEW,PASS,REVIEW,FAIL,Owner decision (policy/review),"REVIEW: supplier P codes withheld by CLPeasy consumer-label policy: ['P264', 'P272', 'P280', 'P363']; no notice shown to the customer (the builder has no exclusion-notice element) || REVIEW: recommended 88x59 rendered: P wording on label materially shorter than supplier: P305+P351+P338: supplier ""IF IN EYES: Rinse cautiously with water for several minutes. Remove contact lenses, if present and easy to do. Continue rinsing."" / label ""IF IN EYES: rinse cautiously with water for several minutes""",qa-artifacts/sds-e2e/092/
093,Nikura,Star Anise Essential Oil,https://nikura.blob.core.windows.net/pdfs/CLP10_Star_Anise_Essential_Oil_EO-STA.pdf,a3bf1d3221ae5d3f4e90dd6fe1e60fe35c0556ff9581a51b36be96a5f31e4eb4,1 (01/11/2021),True,True,H317 EUH208,H317 EUH208,P261 P302+P352 P333+P313 P501,P261 P272 P280 P302+P352 P333+P313 P363 P501,Estragole | Linalool | d-Limonene,Estragole | Linalool | d-Limonene,Warning,Warning,True,exclamation,exclamation,True,"EN 15494 candle pictograms, product type, business name/address/phone checked in rendered label",warning + blocked,Your label needs more space.Choose a larger size to keep all required information clearly readable.Smallest tested size for your current content: 77×54mm (recta,"blocked, no download charged",warning + blocked,Your label needs more space.Choose a larger size to keep all required information clearly readable.Smallest tested size for your current content: 80×54mm (recta,"blocked, no download charged",80x54: fits,80x54: PNG+SVG+PDF,yes,all printed,1.22,REVIEW,PASS,REVIEW,REVIEW,Owner decision (policy/review),"REVIEW: supplier P codes withheld by CLPeasy consumer-label policy: ['P272', 'P280', 'P363']; no notice shown to the customer (the builder has no exclusion-notice element)",qa-artifacts/sds-e2e/093/
094,Nikura,Tangerine Essential Oil,https://nikura.blob.core.windows.net/pdfs/CLP10_Tangerine_Essential_Oil_EO-TANG.pdf,ef43d2afb66cb06d1cdf528490c9e2455593d553d20f969f8ed37ec0114f6ff7,1 (17/02/2026),True,True,H304 H315 H317 H412 H401 EUH208,H304 H315 H317 H401 H412 EUH208,P261 P273 P301+P310 P302+P352 P331 P333+P313 P501,P261 P264 P272 P273 P280 P301+P310 P302+P352 P331 P333+P313 P362 P405 P501,Citral | Linalool | Terpinolene | a-Pinene,Citral | Linalool | Terpinolene | a-Pinene,Danger,Danger,True,exclamation health,exclamation health,True,"EN 15494 candle pictograms, product type, business name/address/phone checked in rendered label",BLOCKED (journey stopped before preview),,,BLOCKED (journey stopped before preview),,,,,n/a,n/a,,REVIEW,BLOCKED,SUPPLIER REVIEW,REVIEW,Supplier SDS,"SUPPLIER: supplier Section 2.2 uses GHS-only code(s) not in GB CLP: H401 || SUPPLIER: builder correctly stops the journey on the non-GB code and asks for supplier clarification || REVIEW: supplier P codes withheld by CLPeasy consumer-label policy: ['P264', 'P272', 'P280', 'P362', 'P405']; no notice shown to the customer (the builder has no exclusion-notice element)",qa-artifacts/sds-e2e/094/
095,Nikura,Tarragon Essential Oil,https://nikura.blob.core.windows.net/pdfs/CLP10_Tarragon_Essential_Oil_EO-TAR.pdf,5bf1c17662f550f90e9c2a030b0e6e915e2ae8c4c84ef91c37dd9c5188343cd2,1 (01/11/2021),True,True,H317 H341 H351 EUH208,H317 H341 H351 EUH208,P261 P302+P352 P308+P313 P333+P313 P501 P202,P261 P272 P280 P302+P352 P308+P313 P333+P313 P363 P405 P501 P202,l-Limonene,l-Limonene,Warning,Warning,True,exclamation health,exclamation health,True,"EN 15494 candle pictograms, product type, business name/address/phone checked in rendered label",BLOCKED (journey stopped before preview),,,BLOCKED (journey stopped before preview),,,,,n/a,n/a,,FAIL,BLOCKED,FAIL,REVIEW,CLPeasy Smart Paste / code library,"FAIL: builder rejects valid CLP P statement(s) ['P308+P313', 'P202'] and blocks the journey (""CLP code not recognised"") || REVIEW: supplier P codes withheld by CLPeasy consumer-label policy: ['P272', 'P280', 'P363', 'P405']; no notice shown to the customer (the builder has no exclusion-notice element)",qa-artifacts/sds-e2e/095/
096,Nikura,Tea Tree Essential Oil,https://nikura.blob.core.windows.net/pdfs/CLP10_Tea_Tree_Essential_Oil_EO-TEA.pdf,290e27ae195426ae46168684c12bac9878960d276dd2bf64fc971a9f9db35f61,1 (12/08/2025),True,True,H317 H412 EUH208,H317 H412 EUH208,P261 P273 P302+P352 P333+P313 P501,P261 P272 P273 P280 P302+P352 P333+P313 P363 P501,"Eucalyptol | Terpinolene | a-Pinene | l-Limonene | p-Mentha-1,3-diene","Eucalyptol | Terpinolene | a-Pinene | l-Limonene | p-Mentha-1,3-diene",Warning,Warning,True,exclamation,exclamation,True,"EN 15494 candle pictograms, product type, business name/address/phone checked in rendered label",warning + blocked,Your label needs more space.Choose a larger size to keep all required information clearly readable.Smallest tested size for your current content: 77×54mm (recta,"blocked, no download charged",warning + blocked,Your label needs more space.Choose a larger size to keep all required information clearly readable.Smallest tested size for your current content: 80×54mm (recta,"blocked, no download charged",80x54: fits,80x54: PNG+SVG+PDF,yes,all printed,1.22,REVIEW,PASS,REVIEW,FAIL,Owner decision (policy/review),"REVIEW: supplier P codes withheld by CLPeasy consumer-label policy: ['P272', 'P280', 'P363']; no notice shown to the customer (the builder has no exclusion-notice element)",qa-artifacts/sds-e2e/096/
097,Nikura,Thyme White Essential Oil,https://nikura.blob.core.windows.net/pdfs/CLP10_Thyme_White_Essential_Oil_EO-THY.pdf,4153793c1a36a57f9be41a403e28e8b88edd40bc3d776535c287bcc8dc8da9cb,1 (12/08/2025),True,True,H315 H318 H361 H412 EUH208,H315 H318 H361 H412 EUH208,P202 P273 P302+P352 P305+P351+P338 P308+P313 P310 P332+P313 P501,P202 P264 P273 P280 P302+P352 P305+P351+P338 P308+P313 P310 P332+P313 P362 P405 P501,"Caryophyllene | Eucalyptol | Linalool | Longifolene | Terpinen-4-ol | Terpinolene | a-Pinene | beta-Pinene | p-Mentha-1,3-diene","Caryophyllene | Eucalyptol | Linalool | Longifolene | Terpinen-4-ol | Terpinolene | a-Pinene | beta-Pinene | p-Mentha-1,3-diene",Danger,Danger,True,corrosive exclamation health,corrosive health,False,"EN 15494 candle pictograms, product type, business name/address/phone checked in rendered label",BLOCKED (journey stopped before preview),,,BLOCKED (journey stopped before preview),,,,,n/a,n/a,,FAIL,BLOCKED,FAIL,FAIL,CLPeasy Smart Paste / code library,"FAIL: pictograms: required for supplier H codes ['corrosive', 'health'] vs builder ['corrosive', 'exclamation', 'health'] || FAIL: builder rejects valid CLP P statement(s) ['P202', 'P308+P313', 'P310'] and blocks the journey (""CLP code not recognised"") || REVIEW: supplier P codes withheld by CLPeasy consumer-label policy: ['P264', 'P280', 'P362', 'P405']; no notice shown to the customer (the builder has no exclusion-notice element)",qa-artifacts/sds-e2e/097/
098,Nikura,Turmeric Essential Oil,https://nikura.blob.core.windows.net/pdfs/CLP10_Turmeric_Essential_Oil_EO-TUR.pdf,8098c4b5cf680b03e27d13e60c2df84568524086e53e5d320fef915f63bdeea9,1 (24/06/2025),True,True,EUH208 EUH210,EUH208 EUH210,,,Bisabolene,Bisabolene,,,True,,,True,"EN 15494 candle pictograms, product type, business name/address/phone checked in rendered label",warning + blocked,Your label needs more space.Choose a larger size to keep all required information clearly readable.Smallest tested size for your current content: 69×48mm (recta,"blocked, no download charged",fits,none,not blocked,,76x51: PNG+SVG+PDF,yes,all printed,1.32,PASS,PASS,PASS,PASS (extraction only),,,qa-artifacts/sds-e2e/098/
099,Nikura,Vetiver Essential Oil,https://nikura.blob.core.windows.net/pdfs/CLP10_Vetiver_Essential_Oil_EO-VET.pdf,ae6e5ee4ce0e64f17a62935d83c6e66570e633feff0e91fb5bc064d98005b1a4,1 (24/06/2025),True,True,EUH208 EUH210,EUH208 EUH210,,,alpha-Vetivone | beta-Vetivone,alpha-Vetivone | beta-Vetivone,,,True,,,True,"EN 15494 candle pictograms, product type, business name/address/phone checked in rendered label",warning + blocked,Your label needs more space.Choose a larger size to keep all required information clearly readable.Smallest tested size for your current content: 69×48mm (recta,"blocked, no download charged",fits,none,not blocked,,76x51: PNG+SVG+PDF,yes,all printed,1.32,PASS,PASS,PASS,PASS (extraction only),,,qa-artifacts/sds-e2e/099/
100,Nikura,Wintergreen Essential Oil,https://nikura.blob.core.windows.net/pdfs/CLP10_Wintergreen_Essential_Oil_EO-WIN.pdf,bc8161bb90b676984c6971fee76f1872d76e1fd5d27a7c19b9eb99f0d770cd89,1 (24/06/2025),True,True,H317 H318 H361,H317 H318 H361,P202 P261 P302+P352 P305+P351+P338 P308+P313 P310 P333+P313 P501,P202 P261 P272 P280 P302+P352 P305+P351+P338 P308+P313 P310 P333+P313 P363 P405 P501,,,Danger,Danger,True,corrosive exclamation health,corrosive exclamation health,True,"EN 15494 candle pictograms, product type, business name/address/phone checked in rendered label",BLOCKED (journey stopped before preview),,,BLOCKED (journey stopped before preview),,,,,n/a,n/a,,FAIL,BLOCKED,FAIL,REVIEW,CLPeasy Smart Paste / code library,"FAIL: builder rejects valid CLP P statement(s) ['P202', 'P308+P313', 'P310'] and blocks the journey (""CLP code not recognised"") || REVIEW: supplier P codes withheld by CLPeasy consumer-label policy: ['P272', 'P280', 'P363', 'P405']; no notice shown to the customer (the builder has no exclusion-notice element)",qa-artifacts/sds-e2e/100/
